item_1,item_2,real_r,generated_r
mentorsubordinates1,transformationalleadership1,0.524791,0.55108
mentorsubordinates1,transformationalleadership2,0.434653,0.572877
mentorsubordinates1,transformationalleadership3,0.453844,0.488572
mentorsubordinates1,transformationalleadership4,0.25092,0.675676
mentorsubordinates1,transformationalleadership5,0.330029,0.787939
mentorsubordinates1,ethicalleadership1,0.171786,0.715365
mentorsubordinates1,ethicalleadership2,0.417387,0.647585
mentorsubordinates1,ethicalleadership3,0.201651,0.712706
mentorsubordinates1,ethicalleadership4,0.401668,0.5997
mentorsubordinates1,ethicalleadership5,0.163313,0.639389
mentorsubordinates1,teamwork_1,0.121883,-0.208817
mentorsubordinates1,teamwork_2.reverse.,0.045994,-0.015618
mentorsubordinates1,teamwork_3.reverse.,0.022617,0.065937
mentorsubordinates1,teamwork_4.reverse.,-0.038121,0.107894
mentorsubordinates1,teamwork_5.reverse.,0.019095,0.004703
mentorsubordinates1,teamwork_6.reverse.,0.122685,0.257577
mentorsubordinates1,valuegrowth1,0.163965,0.205094
mentorsubordinates1,valuegrowth2,0.058264,0.190931
mentorsubordinates1,valuegrowth3,0.070886,0.134597
mentorsubordinates1,valuegrowth4,-0.011702,0.16549
mentorsubordinates1,globalmindset_1,0.087711,-0.153253
mentorsubordinates1,globalmindset_2,0.023139,-0.253042
mentorsubordinates1,globalmindset_3,0.023447,-0.224692
mentorsubordinates1,globalmindset_4,-0.005665,0.09815
mentorsubordinates1,value_patriotism1,0.262693,0.516015
mentorsubordinates1,value_patriotism2,0.227153,0.418625
mentorsubordinates1,value_patriotism3,0.191756,0.583825
mentorsubordinates1,value_civicduty1,-0.003522,0.529161
mentorsubordinates1,value_civicduty2,0.193437,0.58385
mentorsubordinates1,value_civicduty3,0.349155,0.552074
mentorsubordinates1,value_mentalhealth1.reverse,0.125245,0.436744
mentorsubordinates1,value_mentalhealth2,0.259644,0.49651
mentorsubordinates1,value_mentalhealth3,0.305922,0.381345
mentorsubordinates1,reilience1,0.119781,0.427338
mentorsubordinates1,reilience2,0.28605,0.49651
mentorsubordinates1,reilience3,0.289133,0.515673
mentorsubordinates1,reilience4,0.268586,0.542634
mentorsubordinates1,reilience5,0.169376,0.548672
mentorsubordinates1,calling1,0.217362,0.256462
mentorsubordinates1,calling2,0.219429,0.259511
mentorsubordinates1,calling3,0.250056,0.295298
mentorsubordinates1,calling4,0.152984,0.472696
mentorsubordinates1,calling5,0.116564,0.27233
mentorsubordinates1,calling6,0.188247,0.272826
mentorsubordinates1,selfconstrual_interdependent1,0.119221,0.291262
mentorsubordinates1,selfconstrual_interdepedent2,-0.037103,0.226626
mentorsubordinates1,selfconstrual_interdepedent3,0.076447,0.181267
mentorsubordinates1,selfconstrual_interdepedent4,0.029282,0.171061
mentorsubordinates1,selfconstrual_interdepedent5,0.136501,0.095086
mentorsubordinates1,needforcognition_1,0.345041,0.412596
mentorsubordinates1,needforcognition_2reverse,0.140705,0.155521
mentorsubordinates1,needforcognition_3,0.228523,0.257826
mentorsubordinates1,big5_2,0.151482,0.130573
mentorsubordinates1,big5_7,0.034161,0.202813
mentorsubordinates1,big5_4,-0.156673,-0.322213
mentorsubordinates1,big5_9,-0.200965,-0.39878
mentorsubordinates1,big5_5,0.12786,-0.03532
mentorsubordinates1,big5_10,0.006383,-0.169928
mentorsubordinates2,transformationalleadership1,0.42526,0.510692
mentorsubordinates2,transformationalleadership2,0.488742,0.516245
mentorsubordinates2,transformationalleadership3,0.542151,0.430379
mentorsubordinates2,transformationalleadership4,0.317803,0.610298
mentorsubordinates2,transformationalleadership5,0.35811,0.728927
mentorsubordinates2,ethicalleadership1,0.320027,0.644898
mentorsubordinates2,ethicalleadership2,0.51798,0.655295
mentorsubordinates2,ethicalleadership3,0.381442,0.664179
mentorsubordinates2,ethicalleadership4,0.411596,0.603379
mentorsubordinates2,ethicalleadership5,0.321954,0.629081
mentorsubordinates2,teamwork_1,0.090315,-0.252723
mentorsubordinates2,teamwork_2.reverse.,0.095032,-0.028456
mentorsubordinates2,teamwork_3.reverse.,0.158865,0.058963
mentorsubordinates2,teamwork_4.reverse.,0.066263,0.101472
mentorsubordinates2,teamwork_5.reverse.,0.053404,-0.012214
mentorsubordinates2,teamwork_6.reverse.,0.157152,0.207249
mentorsubordinates2,valuegrowth1,0.256404,0.159698
mentorsubordinates2,valuegrowth2,0.17915,0.127523
mentorsubordinates2,valuegrowth3,0.11561,0.074406
mentorsubordinates2,valuegrowth4,0.021917,0.098596
mentorsubordinates2,globalmindset_1,0.146634,-0.166717
mentorsubordinates2,globalmindset_2,0.053442,-0.273483
mentorsubordinates2,globalmindset_3,0.088457,-0.242837
mentorsubordinates2,globalmindset_4,0.08462,0.083215
mentorsubordinates2,value_patriotism1,0.227132,0.498971
mentorsubordinates2,value_patriotism2,0.159572,0.369097
mentorsubordinates2,value_patriotism3,0.248823,0.57471
mentorsubordinates2,value_civicduty1,0.09431,0.509726
mentorsubordinates2,value_civicduty2,0.208872,0.563359
mentorsubordinates2,value_civicduty3,0.286234,0.537144
mentorsubordinates2,value_mentalhealth1.reverse,0.095542,0.402986
mentorsubordinates2,value_mentalhealth2,0.249525,0.45015
mentorsubordinates2,value_mentalhealth3,0.218305,0.353908
mentorsubordinates2,reilience1,0.130161,0.375019
mentorsubordinates2,reilience2,0.183716,0.43631
mentorsubordinates2,reilience3,0.251709,0.45309
mentorsubordinates2,reilience4,0.265422,0.476923
mentorsubordinates2,reilience5,0.167925,0.473876
mentorsubordinates2,calling1,0.223211,0.225784
mentorsubordinates2,calling2,0.169498,0.27023
mentorsubordinates2,calling3,0.248036,0.272985
mentorsubordinates2,calling4,0.181649,0.433345
mentorsubordinates2,calling5,0.092994,0.23469
mentorsubordinates2,calling6,0.157622,0.258748
mentorsubordinates2,selfconstrual_interdependent1,0.042721,0.228711
mentorsubordinates2,selfconstrual_interdepedent2,0.006103,0.152591
mentorsubordinates2,selfconstrual_interdepedent3,0.158726,0.118979
mentorsubordinates2,selfconstrual_interdepedent4,-0.022025,0.110082
mentorsubordinates2,selfconstrual_interdepedent5,0.222132,0.042859
mentorsubordinates2,needforcognition_1,0.396229,0.359202
mentorsubordinates2,needforcognition_2reverse,0.202841,0.147935
mentorsubordinates2,needforcognition_3,0.228459,0.215693
mentorsubordinates2,big5_2,0.068101,0.119266
mentorsubordinates2,big5_7,0.068088,0.148636
mentorsubordinates2,big5_4,-0.040327,-0.264586
mentorsubordinates2,big5_9,-0.147704,-0.343539
mentorsubordinates2,big5_5,0.18041,-0.06094
mentorsubordinates2,big5_10,0.112075,-0.191145
mentorsubordinates3,transformationalleadership1,0.416251,0.526349
mentorsubordinates3,transformationalleadership2,0.468303,0.485863
mentorsubordinates3,transformationalleadership3,0.525648,0.426425
mentorsubordinates3,transformationalleadership4,0.238241,0.619196
mentorsubordinates3,transformationalleadership5,0.371169,0.722995
mentorsubordinates3,ethicalleadership1,0.254261,0.660716
mentorsubordinates3,ethicalleadership2,0.489066,0.652052
mentorsubordinates3,ethicalleadership3,0.343929,0.710853
mentorsubordinates3,ethicalleadership4,0.421402,0.584596
mentorsubordinates3,ethicalleadership5,0.396835,0.627104
mentorsubordinates3,teamwork_1,0.039588,-0.258654
mentorsubordinates3,teamwork_2.reverse.,0.028509,-0.036193
mentorsubordinates3,teamwork_3.reverse.,0.131717,0.050066
mentorsubordinates3,teamwork_4.reverse.,0.012528,0.090597
mentorsubordinates3,teamwork_5.reverse.,0.066561,-0.074494
mentorsubordinates3,teamwork_6.reverse.,0.168638,0.21318
mentorsubordinates3,valuegrowth1,0.294918,0.171203
mentorsubordinates3,valuegrowth2,0.195054,0.150586
mentorsubordinates3,valuegrowth3,0.18354,0.10959
mentorsubordinates3,valuegrowth4,0.085624,0.129375
mentorsubordinates3,globalmindset_1,0.151179,-0.1509
mentorsubordinates3,globalmindset_2,0.030711,-0.267551
mentorsubordinates3,globalmindset_3,0.09952,-0.230974
mentorsubordinates3,globalmindset_4,0.070931,0.084321
mentorsubordinates3,value_patriotism1,0.197356,0.498971
mentorsubordinates3,value_patriotism2,0.140072,0.395916
mentorsubordinates3,value_patriotism3,0.224631,0.577676
mentorsubordinates3,value_civicduty1,0.125445,0.4892
mentorsubordinates3,value_civicduty2,0.117403,0.559589
mentorsubordinates3,value_civicduty3,0.208083,0.551973
mentorsubordinates3,value_mentalhealth1.reverse,0.143623,0.415837
mentorsubordinates3,value_mentalhealth2,0.152626,0.421482
mentorsubordinates3,value_mentalhealth3,0.200245,0.364577
mentorsubordinates3,reilience1,0.147381,0.376007
mentorsubordinates3,reilience2,0.164291,0.463002
mentorsubordinates3,reilience3,0.194562,0.489189
mentorsubordinates3,reilience4,0.24203,0.487537
mentorsubordinates3,reilience5,0.244223,0.509464
mentorsubordinates3,calling1,0.214296,0.23131
mentorsubordinates3,calling2,0.17766,0.261333
mentorsubordinates3,calling3,0.239994,0.297312
mentorsubordinates3,calling4,0.169089,0.432356
mentorsubordinates3,calling5,0.084608,0.264219
mentorsubordinates3,calling6,0.136798,0.279616
mentorsubordinates3,selfconstrual_interdependent1,0.071093,0.243539
mentorsubordinates3,selfconstrual_interdepedent2,-0.062482,0.160499
mentorsubordinates3,selfconstrual_interdepedent3,0.166012,0.134796
mentorsubordinates3,selfconstrual_interdepedent4,-0.032596,0.147648
mentorsubordinates3,selfconstrual_interdepedent5,0.23586,0.087345
mentorsubordinates3,needforcognition_1,0.367733,0.348328
mentorsubordinates3,needforcognition_2reverse,0.246515,0.155843
mentorsubordinates3,needforcognition_3,0.265904,0.246026
mentorsubordinates3,big5_2,0.010697,0.094552
mentorsubordinates3,big5_7,-0.012045,0.136774
mentorsubordinates3,big5_4,0.025637,-0.276449
mentorsubordinates3,big5_9,-0.137178,-0.355292
mentorsubordinates3,big5_5,0.126614,-0.034249
mentorsubordinates3,big5_10,0.120557,-0.182248
mentorubordinates4,transformationalleadership1,0.53423,0.622599
mentorubordinates4,transformationalleadership2,0.518878,0.623109
mentorubordinates4,transformationalleadership3,0.559323,0.541993
mentorubordinates4,transformationalleadership4,0.334586,0.68177
mentorubordinates4,transformationalleadership5,0.39237,0.816797
mentorubordinates4,ethicalleadership1,0.329628,0.719768
mentorubordinates4,ethicalleadership2,0.529275,0.669532
mentorubordinates4,ethicalleadership3,0.299907,0.719634
mentorubordinates4,ethicalleadership4,0.468673,0.706876
mentorubordinates4,ethicalleadership5,0.354965,0.742159
mentorubordinates4,teamwork_1,0.201825,-0.262741
mentorubordinates4,teamwork_2.reverse.,0.062798,0.010328
mentorubordinates4,teamwork_3.reverse.,0.054114,0.093788
mentorubordinates4,teamwork_4.reverse.,-0.060023,0.146713
mentorubordinates4,teamwork_5.reverse.,0.107087,0.035434
mentorubordinates4,teamwork_6.reverse.,0.144641,0.333987
mentorubordinates4,valuegrowth1,0.279074,0.188268
mentorubordinates4,valuegrowth2,0.202342,0.146822
mentorubordinates4,valuegrowth3,0.096951,0.102984
mentorubordinates4,valuegrowth4,0.060324,0.170102
mentorubordinates4,globalmindset_1,0.043451,-0.158927
mentorubordinates4,globalmindset_2,0.004624,-0.276312
mentorubordinates4,globalmindset_3,0.102154,-0.194889
mentorubordinates4,globalmindset_4,0.017598,0.104841
mentorubordinates4,value_patriotism1,0.292742,0.498508
mentorubordinates4,value_patriotism2,0.225732,0.345475
mentorubordinates4,value_patriotism3,0.292675,0.615274
mentorubordinates4,value_civicduty1,0.170365,0.562623
mentorubordinates4,value_civicduty2,0.260402,0.571149
mentorubordinates4,value_civicduty3,0.336853,0.610525
mentorubordinates4,value_mentalhealth1.reverse,0.092703,0.453408
mentorubordinates4,value_mentalhealth2,0.296241,0.549457
mentorubordinates4,value_mentalhealth3,0.272082,0.457567
mentorubordinates4,reilience1,0.186471,0.420537
mentorubordinates4,reilience2,0.25916,0.482283
mentorubordinates4,reilience3,0.242653,0.578217
mentorubordinates4,reilience4,0.324389,0.537318
mentorubordinates4,reilience5,0.231854,0.573884
mentorubordinates4,calling1,0.294662,0.302256
mentorubordinates4,calling2,0.225267,0.332328
mentorubordinates4,calling3,0.29462,0.36198
mentorubordinates4,calling4,0.209166,0.501282
mentorubordinates4,calling5,0.134735,0.31144
mentorubordinates4,calling6,0.24587,0.305736
mentorubordinates4,selfconstrual_interdependent1,0.115355,0.299759
mentorubordinates4,selfconstrual_interdepedent2,0.047152,0.276689
mentorubordinates4,selfconstrual_interdepedent3,0.171539,0.192551
mentorubordinates4,selfconstrual_interdepedent4,0.122259,0.19323
mentorubordinates4,selfconstrual_interdepedent5,0.26869,0.139626
mentorubordinates4,needforcognition_1,0.378378,0.404931
mentorubordinates4,needforcognition_2reverse,0.155341,0.158927
mentorubordinates4,needforcognition_3,0.256494,0.248599
mentorubordinates4,big5_2,0.119076,0.11143
mentorubordinates4,big5_7,0.104644,0.265832
mentorubordinates4,big5_4,-0.086179,-0.355021
mentorubordinates4,big5_9,-0.268343,-0.494465
mentorubordinates4,big5_5,0.056377,-0.011686
mentorubordinates4,big5_10,0.071358,-0.167446
transformationalleadership1,ethicalleadership1,0.075926,0.546476
transformationalleadership1,ethicalleadership2,0.343974,0.377736
transformationalleadership1,ethicalleadership3,0.155171,0.479204
transformationalleadership1,ethicalleadership4,0.459342,0.50528
transformationalleadership1,ethicalleadership5,0.206148,0.49722
transformationalleadership1,teamwork_1,0.240855,0.069138
transformationalleadership1,teamwork_2.reverse.,-0.130051,0.138327
transformationalleadership1,teamwork_3.reverse.,-0.20453,0.057137
transformationalleadership1,teamwork_4.reverse.,-0.130331,0.072362
transformationalleadership1,teamwork_5.reverse.,0.009161,-0.008239
transformationalleadership1,teamwork_6.reverse.,0.08449,0.202219
transformationalleadership1,valuegrowth1,0.14044,0.487805
transformationalleadership1,valuegrowth2,0.066921,0.469978
transformationalleadership1,valuegrowth3,0.181671,0.423006
transformationalleadership1,valuegrowth4,0.025385,0.498052
transformationalleadership1,globalmindset_1,-0.002924,0.136306
transformationalleadership1,globalmindset_2,-0.060323,0.083467
transformationalleadership1,globalmindset_3,0.064755,0.164068
transformationalleadership1,globalmindset_4,-0.114206,-0.023042
transformationalleadership1,value_patriotism1,0.273781,0.125793
transformationalleadership1,value_patriotism2,0.229535,0.104634
transformationalleadership1,value_patriotism3,0.217924,0.283179
transformationalleadership1,value_civicduty1,-0.036801,0.228645
transformationalleadership1,value_civicduty2,0.340365,0.282348
transformationalleadership1,value_civicduty3,0.398149,0.29303
transformationalleadership1,value_mentalhealth1.reverse,0.095969,0.35357
transformationalleadership1,value_mentalhealth2,0.129659,0.43453
transformationalleadership1,value_mentalhealth3,0.38146,0.466281
transformationalleadership1,reilience1,0.212027,0.499906
transformationalleadership1,reilience2,0.283032,0.279597
transformationalleadership1,reilience3,0.31991,0.498022
transformationalleadership1,reilience4,0.253613,0.514102
transformationalleadership1,reilience5,0.248584,0.550058
transformationalleadership1,calling1,0.292296,0.455163
transformationalleadership1,calling2,0.309707,0.46677
transformationalleadership1,calling3,0.322519,0.514893
transformationalleadership1,calling4,0.233524,0.571552
transformationalleadership1,calling5,0.093944,0.4704
transformationalleadership1,calling6,0.312596,0.472317
transformationalleadership1,selfconstrual_interdependent1,0.118198,0.207951
transformationalleadership1,selfconstrual_interdepedent2,0.020068,0.277805
transformationalleadership1,selfconstrual_interdepedent3,0.101144,0.1981
transformationalleadership1,selfconstrual_interdepedent4,0.107808,0.18198
transformationalleadership1,selfconstrual_interdepedent5,0.11421,0.166755
transformationalleadership1,needforcognition_1,0.328185,0.539311
transformationalleadership1,needforcognition_2reverse,0.015252,0.212071
transformationalleadership1,needforcognition_3,0.286074,0.52597
transformationalleadership1,big5_2,0.104975,0.152963
transformationalleadership1,big5_7,0.103682,0.27691
transformationalleadership1,big5_4,-0.262706,-0.255058
transformationalleadership1,big5_9,-0.260575,-0.480574
transformationalleadership1,big5_5,0.090249,0.289448
transformationalleadership1,big5_10,0.031712,0.093856
transformationalleadership2,ethicalleadership1,0.288518,0.725182
transformationalleadership2,ethicalleadership2,0.39531,0.380955
transformationalleadership2,ethicalleadership3,0.307492,0.613826
transformationalleadership2,ethicalleadership4,0.440726,0.53695
transformationalleadership2,ethicalleadership5,0.258508,0.56384
transformationalleadership2,teamwork_1,0.175029,0.107803
transformationalleadership2,teamwork_2.reverse.,0.040981,0.217407
transformationalleadership2,teamwork_3.reverse.,0.1144,0.254942
transformationalleadership2,teamwork_4.reverse.,0.007458,0.28732
transformationalleadership2,teamwork_5.reverse.,-0.072768,0.161649
transformationalleadership2,teamwork_6.reverse.,0.057849,0.37732
transformationalleadership2,valuegrowth1,0.37838,0.326634
transformationalleadership2,valuegrowth2,0.292927,0.300308
transformationalleadership2,valuegrowth3,0.263072,0.283565
transformationalleadership2,valuegrowth4,0.19766,0.370964
transformationalleadership2,globalmindset_1,0.171979,0.105608
transformationalleadership2,globalmindset_2,0.11923,-0.050246
transformationalleadership2,globalmindset_3,0.208012,0.061705
transformationalleadership2,globalmindset_4,0.04217,0.002456
transformationalleadership2,value_patriotism1,0.206547,0.296721
transformationalleadership2,value_patriotism2,0.1855,0.207754
transformationalleadership2,value_patriotism3,0.363325,0.410181
transformationalleadership2,value_civicduty1,0.031666,0.384236
transformationalleadership2,value_civicduty2,0.182055,0.369192
transformationalleadership2,value_civicduty3,0.270281,0.380547
transformationalleadership2,value_mentalhealth1.reverse,-0.011422,0.438784
transformationalleadership2,value_mentalhealth2,0.143686,0.535304
transformationalleadership2,value_mentalhealth3,0.075377,0.53502
transformationalleadership2,reilience1,0.21453,0.52323
transformationalleadership2,reilience2,0.249942,0.378901
transformationalleadership2,reilience3,0.293312,0.526527
transformationalleadership2,reilience4,0.278828,0.541964
transformationalleadership2,reilience5,0.301991,0.556157
transformationalleadership2,calling1,0.380479,0.365126
transformationalleadership2,calling2,0.329265,0.356401
transformationalleadership2,calling3,0.393592,0.399609
transformationalleadership2,calling4,0.295179,0.546828
transformationalleadership2,calling5,0.235029,0.338555
transformationalleadership2,calling6,0.352352,0.337685
transformationalleadership2,selfconstrual_interdependent1,0.014287,0.245547
transformationalleadership2,selfconstrual_interdepedent2,-0.113213,0.343779
transformationalleadership2,selfconstrual_interdepedent3,0.23616,0.386035
transformationalleadership2,selfconstrual_interdepedent4,0.203442,0.364632
transformationalleadership2,selfconstrual_interdepedent5,0.196384,0.316888
transformationalleadership2,needforcognition_1,0.492792,0.43762
transformationalleadership2,needforcognition_2reverse,0.219585,0.222015
transformationalleadership2,needforcognition_3,0.294338,0.355703
transformationalleadership2,big5_2,0.18609,0.170978
transformationalleadership2,big5_7,0.186898,0.36573
transformationalleadership2,big5_4,-0.107176,-0.325186
transformationalleadership2,big5_9,-0.126895,-0.532884
transformationalleadership2,big5_5,0.197415,0.165425
transformationalleadership2,big5_10,0.173451,0.009637
transformationalleadership3,ethicalleadership1,0.320468,0.683127
transformationalleadership3,ethicalleadership2,0.333556,0.346101
transformationalleadership3,ethicalleadership3,0.374545,0.573047
transformationalleadership3,ethicalleadership4,0.407174,0.513495
transformationalleadership3,ethicalleadership5,0.416069,0.544707
transformationalleadership3,teamwork_1,0.179849,0.19323
transformationalleadership3,teamwork_2.reverse.,0.042442,0.176739
transformationalleadership3,teamwork_3.reverse.,0.098241,0.19421
transformationalleadership3,teamwork_4.reverse.,0.065424,0.255956
transformationalleadership3,teamwork_5.reverse.,-0.057125,0.159605
transformationalleadership3,teamwork_6.reverse.,0.149805,0.318381
transformationalleadership3,valuegrowth1,0.273714,0.314622
transformationalleadership3,valuegrowth2,0.219688,0.299285
transformationalleadership3,valuegrowth3,0.270338,0.297038
transformationalleadership3,valuegrowth4,0.188605,0.377303
transformationalleadership3,globalmindset_1,0.19398,0.145054
transformationalleadership3,globalmindset_2,0.078538,0.02224
transformationalleadership3,globalmindset_3,0.202808,0.125377
transformationalleadership3,globalmindset_4,0.050716,-0.009772
transformationalleadership3,value_patriotism1,0.204699,0.217189
transformationalleadership3,value_patriotism2,0.143836,0.144218
transformationalleadership3,value_patriotism3,0.341261,0.295009
transformationalleadership3,value_civicduty1,0.107555,0.315147
transformationalleadership3,value_civicduty2,0.226266,0.313237
transformationalleadership3,value_civicduty3,0.297306,0.324864
transformationalleadership3,value_mentalhealth1.reverse,0.013674,0.378091
transformationalleadership3,value_mentalhealth2,0.091855,0.492461
transformationalleadership3,value_mentalhealth3,0.190448,0.529167
transformationalleadership3,reilience1,0.222711,0.518245
transformationalleadership3,reilience2,0.236087,0.362862
transformationalleadership3,reilience3,0.253774,0.540166
transformationalleadership3,reilience4,0.328202,0.508987
transformationalleadership3,reilience5,0.253454,0.527744
transformationalleadership3,calling1,0.313044,0.373564
transformationalleadership3,calling2,0.217882,0.369647
transformationalleadership3,calling3,0.281816,0.422697
transformationalleadership3,calling4,0.252949,0.54335
transformationalleadership3,calling5,0.061936,0.360084
transformationalleadership3,calling6,0.232683,0.31455
transformationalleadership3,selfconstrual_interdependent1,0.002798,0.267189
transformationalleadership3,selfconstrual_interdepedent2,0.003974,0.383218
transformationalleadership3,selfconstrual_interdepedent3,0.266488,0.431393
transformationalleadership3,selfconstrual_interdepedent4,0.173983,0.451749
transformationalleadership3,selfconstrual_interdepedent5,0.129154,0.362862
transformationalleadership3,needforcognition_1,0.414743,0.408323
transformationalleadership3,needforcognition_2reverse,0.199643,0.224744
transformationalleadership3,needforcognition_3,0.241207,0.351925
transformationalleadership3,big5_2,0.112335,0.162998
transformationalleadership3,big5_7,0.249469,0.435464
transformationalleadership3,big5_4,-0.106515,-0.259349
transformationalleadership3,big5_9,-0.175905,-0.564383
transformationalleadership3,big5_5,0.227864,0.237334
transformationalleadership3,big5_10,0.164413,0.065968
transformationalleadership4,ethicalleadership1,0.282815,0.696019
transformationalleadership4,ethicalleadership2,0.23724,0.464791
transformationalleadership4,ethicalleadership3,0.213794,0.631294
transformationalleadership4,ethicalleadership4,0.18295,0.523673
transformationalleadership4,ethicalleadership5,0.279751,0.567099
transformationalleadership4,teamwork_1,-0.061132,0.030383
transformationalleadership4,teamwork_2.reverse.,-0.01695,0.030687
transformationalleadership4,teamwork_3.reverse.,0.129134,0.026614
transformationalleadership4,teamwork_4.reverse.,-0.030648,0.063254
transformationalleadership4,teamwork_5.reverse.,-0.011648,-0.032418
transformationalleadership4,teamwork_6.reverse.,-0.116682,0.175211
transformationalleadership4,valuegrowth1,0.305439,0.363584
transformationalleadership4,valuegrowth2,0.393511,0.3726
transformationalleadership4,valuegrowth3,0.267062,0.312562
transformationalleadership4,valuegrowth4,0.255837,0.364302
transformationalleadership4,globalmindset_1,0.304134,0.084665
transformationalleadership4,globalmindset_2,0.050472,-0.030685
transformationalleadership4,globalmindset_3,0.16097,0.043275
transformationalleadership4,globalmindset_4,0.166142,-0.053796
transformationalleadership4,value_patriotism1,0.13747,0.311815
transformationalleadership4,value_patriotism2,0.13051,0.271845
transformationalleadership4,value_patriotism3,0.102166,0.39611
transformationalleadership4,value_civicduty1,-0.072617,0.354351
transformationalleadership4,value_civicduty2,-0.001225,0.425373
transformationalleadership4,value_civicduty3,0.122161,0.425965
transformationalleadership4,value_mentalhealth1.reverse,0.011066,0.391662
transformationalleadership4,value_mentalhealth2,0.15077,0.480247
transformationalleadership4,value_mentalhealth3,0.185307,0.457567
transformationalleadership4,reilience1,0.174308,0.494496
transformationalleadership4,reilience2,0.164041,0.45107
transformationalleadership4,reilience3,0.212538,0.599455
transformationalleadership4,reilience4,0.185057,0.636072
transformationalleadership4,reilience5,0.254617,0.628845
transformationalleadership4,calling1,0.036841,0.425148
transformationalleadership4,calling2,-0.009011,0.417144
transformationalleadership4,calling3,0.0473,0.458369
transformationalleadership4,calling4,0.153147,0.599668
transformationalleadership4,calling5,-0.037434,0.44359
transformationalleadership4,calling6,0.082368,0.40269
transformationalleadership4,selfconstrual_interdependent1,0.074872,0.230549
transformationalleadership4,selfconstrual_interdepedent2,0.001589,0.232584
transformationalleadership4,selfconstrual_interdepedent3,0.136161,0.244119
transformationalleadership4,selfconstrual_interdepedent4,0.213048,0.25769
transformationalleadership4,selfconstrual_interdepedent5,0.239611,0.193908
transformationalleadership4,needforcognition_1,0.257526,0.492461
transformationalleadership4,needforcognition_2reverse,0.244211,0.131107
transformationalleadership4,needforcognition_3,0.221355,0.391251
transformationalleadership4,big5_2,0.230556,0.074789
transformationalleadership4,big5_7,0.175265,0.292295
transformationalleadership4,big5_4,-0.309861,-0.243064
transformationalleadership4,big5_9,-0.182277,-0.485502
transformationalleadership4,big5_5,0.142607,0.19323
transformationalleadership4,big5_10,0.107021,-0.041239
transformationalleadership5,ethicalleadership1,0.362453,0.798477
transformationalleadership5,ethicalleadership2,0.207705,0.56642
transformationalleadership5,ethicalleadership3,0.409095,0.707985
transformationalleadership5,ethicalleadership4,0.366221,0.632916
transformationalleadership5,ethicalleadership5,0.503887,0.69127
transformationalleadership5,teamwork_1,0.019664,-0.091752
transformationalleadership5,teamwork_2.reverse.,0.017616,0.1254
transformationalleadership5,teamwork_3.reverse.,0.012041,0.141285
transformationalleadership5,teamwork_4.reverse.,-0.0119,0.19896
transformationalleadership5,teamwork_5.reverse.,-0.010569,0.01915
transformationalleadership5,teamwork_6.reverse.,0.041303,0.330594
transformationalleadership5,valuegrowth1,0.338974,0.301197
transformationalleadership5,valuegrowth2,0.243569,0.262627
transformationalleadership5,valuegrowth3,0.119514,0.24529
transformationalleadership5,valuegrowth4,0.094203,0.302548
transformationalleadership5,globalmindset_1,0.096561,-0.011007
transformationalleadership5,globalmindset_2,0.084016,-0.158248
transformationalleadership5,globalmindset_3,0.182418,-0.057826
transformationalleadership5,globalmindset_4,-0.035563,0.033492
transformationalleadership5,value_patriotism1,0.235714,0.394506
transformationalleadership5,value_patriotism2,0.258487,0.324613
transformationalleadership5,value_patriotism3,0.103315,0.518923
transformationalleadership5,value_civicduty1,-0.047651,0.491566
transformationalleadership5,value_civicduty2,0.129179,0.484891
transformationalleadership5,value_civicduty3,0.172314,0.502639
transformationalleadership5,value_mentalhealth1.reverse,0.109016,0.505655
transformationalleadership5,value_mentalhealth2,0.122397,0.512138
transformationalleadership5,value_mentalhealth3,0.122625,0.479535
transformationalleadership5,reilience1,0.19375,0.48839
transformationalleadership5,reilience2,0.227601,0.46057
transformationalleadership5,reilience3,0.14042,0.597685
transformationalleadership5,reilience4,0.196364,0.625549
transformationalleadership5,reilience5,0.330901,0.66345
transformationalleadership5,calling1,0.169262,0.38115
transformationalleadership5,calling2,0.170003,0.394074
transformationalleadership5,calling3,0.161501,0.440912
transformationalleadership5,calling4,0.201778,0.609168
transformationalleadership5,calling5,0.010915,0.394135
transformationalleadership5,calling6,0.194738,0.365231
transformationalleadership5,selfconstrual_interdependent1,0.026821,0.250905
transformationalleadership5,selfconstrual_interdepedent2,0.120633,0.283474
transformationalleadership5,selfconstrual_interdepedent3,0.154742,0.240727
transformationalleadership5,selfconstrual_interdepedent4,0.173224,0.235298
transformationalleadership5,selfconstrual_interdepedent5,0.124066,0.196622
transformationalleadership5,needforcognition_1,0.139574,0.464641
transformationalleadership5,needforcognition_2reverse,0.275549,0.201674
transformationalleadership5,needforcognition_3,0.16007,0.344986
transformationalleadership5,big5_2,0.158861,0.117536
transformationalleadership5,big5_7,0.149195,0.272617
transformationalleadership5,big5_4,-0.175192,-0.353664
transformationalleadership5,big5_9,-0.274039,-0.535699
transformationalleadership5,big5_5,0.06522,0.110449
transformationalleadership5,big5_10,0.054696,-0.083308
ethicalleadership1,teamwork_1,-0.048175,-0.005579
ethicalleadership1,teamwork_2.reverse.,0.147392,0.076715
ethicalleadership1,teamwork_3.reverse.,0.349987,0.084289
ethicalleadership1,teamwork_4.reverse.,0.139501,0.149427
ethicalleadership1,teamwork_5.reverse.,0.259086,0.108037
ethicalleadership1,teamwork_6.reverse.,-0.008527,0.361128
ethicalleadership1,valuegrowth1,0.346936,0.296458
ethicalleadership1,valuegrowth2,0.381101,0.245132
ethicalleadership1,valuegrowth3,0.310492,0.269439
ethicalleadership1,valuegrowth4,0.271329,0.272483
ethicalleadership1,globalmindset_1,0.290537,0.001206
ethicalleadership1,globalmindset_2,0.163274,-0.159605
ethicalleadership1,globalmindset_3,0.229061,-0.087681
ethicalleadership1,globalmindset_4,0.397453,-0.011291
ethicalleadership1,value_patriotism1,0.021312,0.436277
ethicalleadership1,value_patriotism2,-0.031351,0.334431
ethicalleadership1,value_patriotism3,-0.013677,0.515531
ethicalleadership1,value_civicduty1,0.111349,0.466451
ethicalleadership1,value_civicduty2,-0.031573,0.493517
ethicalleadership1,value_civicduty3,-0.031172,0.52028
ethicalleadership1,value_mentalhealth1.reverse,0.045916,0.454087
ethicalleadership1,value_mentalhealth2,0.222879,0.583384
ethicalleadership1,value_mentalhealth3,0.042759,0.546253
ethicalleadership1,reilience1,0.212152,0.516888
ethicalleadership1,reilience2,0.201932,0.570491
ethicalleadership1,reilience3,0.204141,0.642816
ethicalleadership1,reilience4,0.215104,0.666022
ethicalleadership1,reilience5,0.242108,0.687877
ethicalleadership1,calling1,0.073789,0.331841
ethicalleadership1,calling2,0.013709,0.325543
ethicalleadership1,calling3,0.060061,0.383231
ethicalleadership1,calling4,0.217684,0.580669
ethicalleadership1,calling5,-0.038105,0.291171
ethicalleadership1,calling6,0.066639,0.316753
ethicalleadership1,selfconstrual_interdependent1,-0.091561,0.358791
ethicalleadership1,selfconstrual_interdepedent2,-0.040473,0.382539
ethicalleadership1,selfconstrual_interdepedent3,0.278936,0.38661
ethicalleadership1,selfconstrual_interdepedent4,0.085417,0.382539
ethicalleadership1,selfconstrual_interdepedent5,0.150845,0.335042
ethicalleadership1,needforcognition_1,0.152781,0.436143
ethicalleadership1,needforcognition_2reverse,0.383406,0.19896
ethicalleadership1,needforcognition_3,0.331515,0.304118
ethicalleadership1,big5_2,0.186247,0.146035
ethicalleadership1,big5_7,0.217735,0.399502
ethicalleadership1,big5_4,-0.199385,-0.336701
ethicalleadership1,big5_9,-0.227215,-0.576036
ethicalleadership1,big5_5,0.196201,0.106378
ethicalleadership1,big5_10,0.107109,-0.100271
ethicalleadership2,teamwork_1,0.110801,-0.263671
ethicalleadership2,teamwork_2.reverse.,0.190142,-0.15743
ethicalleadership2,teamwork_3.reverse.,0.131927,-0.004866
ethicalleadership2,teamwork_4.reverse.,-0.120638,0.032966
ethicalleadership2,teamwork_5.reverse.,0.077602,-0.017477
ethicalleadership2,teamwork_6.reverse.,0.151866,0.184296
ethicalleadership2,valuegrowth1,0.175741,-0.005526
ethicalleadership2,valuegrowth2,0.203663,-0.026123
ethicalleadership2,valuegrowth3,0.048618,-0.067436
ethicalleadership2,valuegrowth4,0.125563,-0.043067
ethicalleadership2,globalmindset_1,0.092105,-0.211002
ethicalleadership2,globalmindset_2,0.135248,-0.346012
ethicalleadership2,globalmindset_3,0.04302,-0.237707
ethicalleadership2,globalmindset_4,0.07278,0.015767
ethicalleadership2,value_patriotism1,0.207712,0.446089
ethicalleadership2,value_patriotism2,0.136732,0.321564
ethicalleadership2,value_patriotism3,0.241186,0.550842
ethicalleadership2,value_civicduty1,0.153017,0.507926
ethicalleadership2,value_civicduty2,0.121125,0.578836
ethicalleadership2,value_civicduty3,0.188277,0.608703
ethicalleadership2,value_mentalhealth1.reverse,0.009954,0.272572
ethicalleadership2,value_mentalhealth2,0.316703,0.399512
ethicalleadership2,value_mentalhealth3,0.212969,0.343318
ethicalleadership2,reilience1,0.25612,0.203673
ethicalleadership2,reilience2,0.192254,0.352036
ethicalleadership2,reilience3,0.281621,0.407605
ethicalleadership2,reilience4,0.367064,0.417839
ethicalleadership2,reilience5,0.254556,0.398028
ethicalleadership2,calling1,0.176516,0.13923
ethicalleadership2,calling2,0.148483,0.19032
ethicalleadership2,calling3,0.172543,0.171759
ethicalleadership2,calling4,0.076642,0.317912
ethicalleadership2,calling5,0.149195,0.158373
ethicalleadership2,calling6,0.105402,0.140977
ethicalleadership2,selfconstrual_interdependent1,0.095232,0.217025
ethicalleadership2,selfconstrual_interdepedent2,0.040778,0.144327
ethicalleadership2,selfconstrual_interdepedent3,0.095151,0.111688
ethicalleadership2,selfconstrual_interdepedent4,0.042816,0.15768
ethicalleadership2,selfconstrual_interdepedent5,0.241299,0.113171
ethicalleadership2,needforcognition_1,0.272203,0.148778
ethicalleadership2,needforcognition_2reverse,0.2202,-0.018219
ethicalleadership2,needforcognition_3,0.114604,0.043533
ethicalleadership2,big5_2,0.178445,-0.041957
ethicalleadership2,big5_7,0.004175,0.072371
ethicalleadership2,big5_4,-0.131335,-0.150173
ethicalleadership2,big5_9,-0.227244,-0.299835
ethicalleadership2,big5_5,0.138458,-0.165009
ethicalleadership2,big5_10,0.078923,-0.335716
ethicalleadership3,teamwork_1,-0.077899,-0.11426
ethicalleadership3,teamwork_2.reverse.,0.073509,-0.036599
ethicalleadership3,teamwork_3.reverse.,0.198721,0.041452
ethicalleadership3,teamwork_4.reverse.,0.164182,0.110377
ethicalleadership3,teamwork_5.reverse.,0.054949,0.029803
ethicalleadership3,teamwork_6.reverse.,0.013494,0.276379
ethicalleadership3,valuegrowth1,0.389401,0.189814
ethicalleadership3,valuegrowth2,0.26951,0.162822
ethicalleadership3,valuegrowth3,0.276807,0.147948
ethicalleadership3,valuegrowth4,0.19351,0.160544
ethicalleadership3,globalmindset_1,0.296653,-0.034657
ethicalleadership3,globalmindset_2,0.130128,-0.196776
ethicalleadership3,globalmindset_3,0.268554,-0.116202
ethicalleadership3,globalmindset_4,0.136779,0.083618
ethicalleadership3,value_patriotism1,0.162329,0.497251
ethicalleadership3,value_patriotism2,0.091807,0.399253
ethicalleadership3,value_patriotism3,0.127195,0.557515
ethicalleadership3,value_civicduty1,0.091432,0.542227
ethicalleadership3,value_civicduty2,0.0603,0.591752
ethicalleadership3,value_civicduty3,0.059627,0.576931
ethicalleadership3,value_mentalhealth1.reverse,0.124757,0.367632
ethicalleadership3,value_mentalhealth2,0.063266,0.459467
ethicalleadership3,value_mentalhealth3,0.058562,0.468303
ethicalleadership3,reilience1,0.167258,0.424519
ethicalleadership3,reilience2,0.151362,0.530333
ethicalleadership3,reilience3,0.20778,0.583775
ethicalleadership3,reilience4,0.235098,0.579393
ethicalleadership3,reilience5,0.381772,0.541012
ethicalleadership3,calling1,0.144883,0.252228
ethicalleadership3,calling2,0.144954,0.236189
ethicalleadership3,calling3,0.084941,0.302411
ethicalleadership3,calling4,0.203426,0.446847
ethicalleadership3,calling5,0.080291,0.288125
ethicalleadership3,calling6,0.127074,0.254886
ethicalleadership3,selfconstrual_interdependent1,-0.133203,0.304143
ethicalleadership3,selfconstrual_interdepedent2,-0.01056,0.369185
ethicalleadership3,selfconstrual_interdepedent3,0.17182,0.392484
ethicalleadership3,selfconstrual_interdepedent4,0.010555,0.397337
ethicalleadership3,selfconstrual_interdepedent5,0.12166,0.303172
ethicalleadership3,needforcognition_1,0.096793,0.311909
ethicalleadership3,needforcognition_2reverse,0.195305,0.099698
ethicalleadership3,needforcognition_3,0.196282,0.25451
ethicalleadership3,big5_2,0.196454,0.040481
ethicalleadership3,big5_7,0.140404,0.305114
ethicalleadership3,big5_4,-0.080434,-0.180273
ethicalleadership3,big5_9,-0.15042,-0.43257
ethicalleadership3,big5_5,0.2169,0.021648
ethicalleadership3,big5_10,0.20583,-0.218715
ethicalleadership4,teamwork_1,0.232573,-0.222708
ethicalleadership4,teamwork_2.reverse.,0.01442,-0.014457
ethicalleadership4,teamwork_3.reverse.,-0.004612,0.089038
ethicalleadership4,teamwork_4.reverse.,-0.111119,0.133143
ethicalleadership4,teamwork_5.reverse.,0.084699,0.071396
ethicalleadership4,teamwork_6.reverse.,0.041277,0.303453
ethicalleadership4,valuegrowth1,0.279409,0.035853
ethicalleadership4,valuegrowth2,0.165394,-0.009806
ethicalleadership4,valuegrowth3,0.162375,-0.035009
ethicalleadership4,valuegrowth4,0.034311,0.081534
ethicalleadership4,globalmindset_1,0.165956,-0.123643
ethicalleadership4,globalmindset_2,0.207203,-0.249849
ethicalleadership4,globalmindset_3,0.196835,-0.070718
ethicalleadership4,globalmindset_4,-0.011893,-0.049242
ethicalleadership4,value_patriotism1,0.11844,0.40644
ethicalleadership4,value_patriotism2,0.146562,0.271845
ethicalleadership4,value_patriotism3,0.159901,0.546064
ethicalleadership4,value_civicduty1,0.059352,0.501367
ethicalleadership4,value_civicduty2,0.216505,0.572012
ethicalleadership4,value_civicduty3,0.261248,0.634273
ethicalleadership4,value_mentalhealth1.reverse,-0.030764,0.342129
ethicalleadership4,value_mentalhealth2,0.200475,0.424608
ethicalleadership4,value_mentalhealth3,0.211049,0.395731
ethicalleadership4,reilience1,0.340219,0.29433
ethicalleadership4,reilience2,0.262746,0.324864
ethicalleadership4,reilience3,0.316159,0.472913
ethicalleadership4,reilience4,0.374443,0.444231
ethicalleadership4,reilience5,0.273531,0.413751
ethicalleadership4,calling1,0.375415,0.257499
ethicalleadership4,calling2,0.369895,0.309937
ethicalleadership4,calling3,0.329985,0.297468
ethicalleadership4,calling4,0.274692,0.393396
ethicalleadership4,calling5,0.145698,0.273335
ethicalleadership4,calling6,0.360674,0.260563
ethicalleadership4,selfconstrual_interdependent1,-0.016966,0.260404
ethicalleadership4,selfconstrual_interdepedent2,0.020861,0.249548
ethicalleadership4,selfconstrual_interdepedent3,0.122428,0.230549
ethicalleadership4,selfconstrual_interdepedent4,0.045686,0.278724
ethicalleadership4,selfconstrual_interdepedent5,0.211296,0.233263
ethicalleadership4,needforcognition_1,0.329982,0.185766
ethicalleadership4,needforcognition_2reverse,0.092408,0.059861
ethicalleadership4,needforcognition_3,0.286361,0.083585
ethicalleadership4,big5_2,0.20722,0.053076
ethicalleadership4,big5_7,0.20622,0.255654
ethicalleadership4,big5_4,-0.220123,-0.238314
ethicalleadership4,big5_9,-0.18409,-0.403035
ethicalleadership4,big5_5,0.230594,-0.045612
ethicalleadership4,big5_10,0.113049,-0.264475
ethicalleadership5,teamwork_1,-0.050851,-0.227458
ethicalleadership5,teamwork_2.reverse.,-0.074337,-0.024194
ethicalleadership5,teamwork_3.reverse.,0.170132,0.089038
ethicalleadership5,teamwork_4.reverse.,-0.018824,0.140606
ethicalleadership5,teamwork_5.reverse.,0.215689,0.082931
ethicalleadership5,teamwork_6.reverse.,0.040929,0.347558
ethicalleadership5,valuegrowth1,0.438971,0.011372
ethicalleadership5,valuegrowth2,0.426183,-0.01897
ethicalleadership5,valuegrowth3,0.279062,-0.026385
ethicalleadership5,valuegrowth4,0.2335,0.072595
ethicalleadership5,globalmindset_1,0.256766,-0.185389
ethicalleadership5,globalmindset_2,0.152676,-0.319059
ethicalleadership5,globalmindset_3,0.158096,-0.161641
ethicalleadership5,globalmindset_4,0.141041,-0.012809
ethicalleadership5,value_patriotism1,0.147393,0.459294
ethicalleadership5,value_patriotism2,0.114919,0.297615
ethicalleadership5,value_patriotism3,0.133575,0.611203
ethicalleadership5,value_civicduty1,0.118313,0.545471
ethicalleadership5,value_civicduty2,0.005162,0.580638
ethicalleadership5,value_civicduty3,0.056562,0.644451
ethicalleadership5,value_mentalhealth1.reverse,0.122781,0.37402
ethicalleadership5,value_mentalhealth2,0.149947,0.436821
ethicalleadership5,value_mentalhealth3,0.142277,0.404681
ethicalleadership5,reilience1,0.365347,0.273296
ethicalleadership5,reilience2,0.197494,0.374397
ethicalleadership5,reilience3,0.185123,0.493266
ethicalleadership5,reilience4,0.271973,0.487132
ethicalleadership5,reilience5,0.340237,0.480926
ethicalleadership5,calling1,0.2336,0.254465
ethicalleadership5,calling2,0.242438,0.284152
ethicalleadership5,calling3,0.196181,0.27394
ethicalleadership5,calling4,0.453954,0.421215
ethicalleadership5,calling5,0.016382,0.222259
ethicalleadership5,calling6,0.238186,0.212086
ethicalleadership5,selfconstrual_interdependent1,-0.071948,0.308579
ethicalleadership5,selfconstrual_interdepedent2,0.027096,0.293652
ethicalleadership5,selfconstrual_interdepedent3,0.237238,0.236655
ethicalleadership5,selfconstrual_interdepedent4,0.062351,0.277367
ethicalleadership5,selfconstrual_interdepedent5,0.159468,0.247512
ethicalleadership5,needforcognition_1,0.189089,0.193908
ethicalleadership5,needforcognition_2reverse,0.274686,0.099216
ethicalleadership5,needforcognition_3,0.258276,0.063536
ethicalleadership5,big5_2,0.233924,0.068004
ethicalleadership5,big5_7,0.225165,0.233941
ethicalleadership5,big5_4,-0.211587,-0.298025
ethicalleadership5,big5_9,-0.214958,-0.442476
ethicalleadership5,big5_5,0.282947,-0.084289
ethicalleadership5,big5_10,0.171591,-0.271939
teamwork_1,valuegrowth1,0.059745,0.235651
teamwork_1,valuegrowth2,-9.3e-05,0.283456
teamwork_1,valuegrowth3,0.050523,0.327224
teamwork_1,valuegrowth4,0.0192,0.259483
teamwork_1,globalmindset_1,-0.020163,0.358112
teamwork_1,globalmindset_2,0.097515,0.333685
teamwork_1,globalmindset_3,-0.041945,0.339113
teamwork_1,globalmindset_4,-0.1267,-0.220782
teamwork_1,value_patriotism1,0.165024,-0.193708
teamwork_1,value_patriotism2,0.130033,-0.120853
teamwork_1,value_patriotism3,0.183032,-0.244421
teamwork_1,value_civicduty1,0.152734,-0.195731
teamwork_1,value_civicduty2,0.220803,-0.165498
teamwork_1,value_civicduty3,0.251615,-0.231529
teamwork_1,value_mentalhealth1.reverse,0.010179,-0.098914
teamwork_1,value_mentalhealth2,0.0558,0.047346
teamwork_1,value_mentalhealth3,0.138319,0.198019
teamwork_1,reilience1,0.045041,0.126055
teamwork_1,reilience2,0.082774,-0.069361
teamwork_1,reilience3,0.094914,0.000369
teamwork_1,reilience4,0.040421,0.020077
teamwork_1,reilience5,0.082439,-0.026614
teamwork_1,calling1,0.103011,0.135367
teamwork_1,calling2,0.140505,0.081951
teamwork_1,calling3,0.093938,0.095582
teamwork_1,calling4,0.060013,0.060238
teamwork_1,calling5,0.129644,0.180911
teamwork_1,calling6,0.120536,0.19556
teamwork_1,selfconstrual_interdependent1,0.031066,-0.032042
teamwork_1,selfconstrual_interdepedent2,0.096119,0.149125
teamwork_1,selfconstrual_interdepedent3,0.196314,0.292973
teamwork_1,selfconstrual_interdepedent4,0.245439,0.241405
teamwork_1,selfconstrual_interdepedent5,0.086473,0.3174
teamwork_1,needforcognition_1,0.049546,0.129448
teamwork_1,needforcognition_2reverse,-0.088608,0.041541
teamwork_1,needforcognition_3,0.037275,0.205418
teamwork_1,big5_2,0.005987,0.08361
teamwork_1,big5_7,0.078555,0.221049
teamwork_1,big5_4,-0.077648,0.149804
teamwork_1,big5_9,-0.138514,-0.111713
teamwork_1,big5_5,0.039141,0.274653
teamwork_1,big5_10,-0.095594,0.131785
teamwork_2.reverse.,valuegrowth1,-0.032199,0.060577
teamwork_2.reverse.,valuegrowth2,-0.070125,0.043811
teamwork_2.reverse.,valuegrowth3,0.016715,0.020002
teamwork_2.reverse.,valuegrowth4,-0.011724,0.090072
teamwork_2.reverse.,globalmindset_1,0.092877,0.086452
teamwork_2.reverse.,globalmindset_2,0.030822,0.128055
teamwork_2.reverse.,globalmindset_3,0.042334,0.116548
teamwork_2.reverse.,globalmindset_4,0.212167,0.188753
teamwork_2.reverse.,value_patriotism1,-0.170331,-0.100442
teamwork_2.reverse.,value_patriotism2,-0.207986,-0.090547
teamwork_2.reverse.,value_patriotism3,-0.035876,-0.033046
teamwork_2.reverse.,value_civicduty1,0.101784,0.042019
teamwork_2.reverse.,value_civicduty2,-0.201375,-0.133247
teamwork_2.reverse.,value_civicduty3,-0.088839,-0.098548
teamwork_2.reverse.,value_mentalhealth1.reverse,-0.007605,0.167591
teamwork_2.reverse.,value_mentalhealth2,0.023116,0.087337
teamwork_2.reverse.,value_mentalhealth3,-0.064725,0.114492
teamwork_2.reverse.,reilience1,0.056678,0.071404
teamwork_2.reverse.,reilience2,-0.060828,-0.16051
teamwork_2.reverse.,reilience3,-0.049733,-0.032615
teamwork_2.reverse.,reilience4,0.046949,0.016465
teamwork_2.reverse.,reilience5,0.038391,0.045734
teamwork_2.reverse.,calling1,-0.031267,0.108526
teamwork_2.reverse.,calling2,-0.061335,0.119203
teamwork_2.reverse.,calling3,-0.055159,0.125929
teamwork_2.reverse.,calling4,-0.047284,0.07406
teamwork_2.reverse.,calling5,-0.009199,0.036557
teamwork_2.reverse.,calling6,-0.062667,0.019414
teamwork_2.reverse.,selfconstrual_interdependent1,-0.065017,0.010328
teamwork_2.reverse.,selfconstrual_interdepedent2,0.011764,0.049275
teamwork_2.reverse.,selfconstrual_interdepedent3,0.080364,0.004132
teamwork_2.reverse.,selfconstrual_interdepedent4,0.043851,-0.05429
teamwork_2.reverse.,selfconstrual_interdepedent5,0.174819,-0.000294
teamwork_2.reverse.,needforcognition_1,-0.067098,0.052816
teamwork_2.reverse.,needforcognition_2reverse,0.122376,0.172902
teamwork_2.reverse.,needforcognition_3,-0.078304,0.010872
teamwork_2.reverse.,big5_2,0.129024,0.181754
teamwork_2.reverse.,big5_7,0.189047,0.143103
teamwork_2.reverse.,big5_4,-0.007129,-0.233979
teamwork_2.reverse.,big5_9,-0.001841,-0.183727
teamwork_2.reverse.,big5_5,0.083762,0.110352
teamwork_2.reverse.,big5_10,0.042657,0.263189
teamwork_3.reverse.,valuegrowth1,0.099712,-0.061124
teamwork_3.reverse.,valuegrowth2,0.1363,-0.115163
teamwork_3.reverse.,valuegrowth3,0.112964,-0.055549
teamwork_3.reverse.,valuegrowth4,0.095241,0.014348
teamwork_3.reverse.,globalmindset_1,0.073697,-0.015455
teamwork_3.reverse.,globalmindset_2,-0.074607,-0.075166
teamwork_3.reverse.,globalmindset_3,0.105945,-0.028347
teamwork_3.reverse.,globalmindset_4,0.313322,0.12135
teamwork_3.reverse.,value_patriotism1,-0.005378,0.048785
teamwork_3.reverse.,value_patriotism2,-0.096889,-0.016591
teamwork_3.reverse.,value_patriotism3,0.028513,0.100573
teamwork_3.reverse.,value_civicduty1,0.031772,0.103846
teamwork_3.reverse.,value_civicduty2,-0.112799,0.004194
teamwork_3.reverse.,value_civicduty3,-0.084383,0.022542
teamwork_3.reverse.,value_mentalhealth1.reverse,-0.010208,0.161339
teamwork_3.reverse.,value_mentalhealth2,0.023925,0.064611
teamwork_3.reverse.,value_mentalhealth3,-0.12827,0.074547
teamwork_3.reverse.,reilience1,0.040825,0.057147
teamwork_3.reverse.,reilience2,-0.06294,-0.043953
teamwork_3.reverse.,reilience3,0.018394,-0.020722
teamwork_3.reverse.,reilience4,0.079778,-0.021695
teamwork_3.reverse.,reilience5,0.074683,0.00083
teamwork_3.reverse.,calling1,-0.140236,0.098279
teamwork_3.reverse.,calling2,-0.141552,0.10668
teamwork_3.reverse.,calling3,-0.094864,0.113892
teamwork_3.reverse.,calling4,-0.009638,0.096502
teamwork_3.reverse.,calling5,-0.163465,0.031501
teamwork_3.reverse.,calling6,-0.101169,0.015978
teamwork_3.reverse.,selfconstrual_interdependent1,-0.101373,-0.073809
teamwork_3.reverse.,selfconstrual_interdepedent2,-0.112611,-0.011384
teamwork_3.reverse.,selfconstrual_interdepedent3,0.051139,0.057147
teamwork_3.reverse.,selfconstrual_interdepedent4,0.048452,0.033399
teamwork_3.reverse.,selfconstrual_interdepedent5,0.076764,-0.003242
teamwork_3.reverse.,needforcognition_1,0.055012,-0.001885
teamwork_3.reverse.,needforcognition_2reverse,0.253397,0.254976
teamwork_3.reverse.,needforcognition_3,-0.005109,-0.085898
teamwork_3.reverse.,big5_2,0.081137,0.309937
teamwork_3.reverse.,big5_7,0.045389,0.066647
teamwork_3.reverse.,big5_4,0.012274,-0.24819
teamwork_3.reverse.,big5_9,0.047377,-0.101624
teamwork_3.reverse.,big5_5,0.050157,-0.072452
teamwork_3.reverse.,big5_10,0.087356,0.109771
teamwork_4.reverse.,valuegrowth1,0.069355,-0.051647
teamwork_4.reverse.,valuegrowth2,0.078793,-0.096001
teamwork_4.reverse.,valuegrowth3,0.086249,-0.036575
teamwork_4.reverse.,valuegrowth4,0.081069,0.01516
teamwork_4.reverse.,globalmindset_1,0.036301,-0.039882
teamwork_4.reverse.,globalmindset_2,-0.080764,-0.102985
teamwork_4.reverse.,globalmindset_3,0.065599,-0.075844
teamwork_4.reverse.,globalmindset_4,0.22842,0.138807
teamwork_4.reverse.,value_patriotism1,-0.02826,0.115279
teamwork_4.reverse.,value_patriotism2,-0.073692,0.021451
teamwork_4.reverse.,value_patriotism3,0.008758,0.161641
teamwork_4.reverse.,value_civicduty1,-0.055749,0.18593
teamwork_4.reverse.,value_civicduty2,-0.063343,0.058537
teamwork_4.reverse.,value_civicduty3,-0.076466,0.064611
teamwork_4.reverse.,value_mentalhealth1.reverse,0.012014,0.2068
teamwork_4.reverse.,value_mentalhealth2,-0.092871,0.115501
teamwork_4.reverse.,value_mentalhealth3,-0.145005,0.098956
teamwork_4.reverse.,reilience1,0.025669,0.108716
teamwork_4.reverse.,reilience2,-0.057882,-0.014098
teamwork_4.reverse.,reilience3,-0.095538,0.004055
teamwork_4.reverse.,reilience4,0.035625,0.025253
teamwork_4.reverse.,reilience5,0.019114,0.041541
teamwork_4.reverse.,calling1,-0.144148,0.102072
teamwork_4.reverse.,calling2,-0.13789,0.104644
teamwork_4.reverse.,calling3,-0.135195,0.107062
teamwork_4.reverse.,calling4,-0.018718,0.135857
teamwork_4.reverse.,calling5,-0.12376,0.037987
teamwork_4.reverse.,calling6,-0.116775,0.021487
teamwork_4.reverse.,selfconstrual_interdependent1,-0.137676,-0.05006
teamwork_4.reverse.,selfconstrual_interdepedent2,-0.120349,0.034077
teamwork_4.reverse.,selfconstrual_interdepedent3,0.069219,0.092431
teamwork_4.reverse.,selfconstrual_interdepedent4,0.06328,0.070718
teamwork_4.reverse.,selfconstrual_interdepedent5,-0.014263,0.023899
teamwork_4.reverse.,needforcognition_1,-0.048439,0.028649
teamwork_4.reverse.,needforcognition_2reverse,0.12739,0.264475
teamwork_4.reverse.,needforcognition_3,-0.001123,-0.072789
teamwork_4.reverse.,big5_2,-0.012292,0.311972
teamwork_4.reverse.,big5_7,0.017466,0.120251
teamwork_4.reverse.,big5_4,0.035993,-0.263118
teamwork_4.reverse.,big5_9,0.102258,-0.164371
teamwork_4.reverse.,big5_5,0.044491,-0.09145
teamwork_4.reverse.,big5_10,0.127277,0.051417
teamwork_5.reverse.,valuegrowth1,0.008529,-0.037432
teamwork_5.reverse.,valuegrowth2,0.022434,-0.119329
teamwork_5.reverse.,valuegrowth3,0.078562,-0.089185
teamwork_5.reverse.,valuegrowth4,-0.037091,-0.062032
teamwork_5.reverse.,globalmindset_1,0.05895,-0.025633
teamwork_5.reverse.,globalmindset_2,0.084314,-0.069059
teamwork_5.reverse.,globalmindset_3,-0.013028,-0.07313
teamwork_5.reverse.,globalmindset_4,0.143833,0.09782
teamwork_5.reverse.,value_patriotism1,-0.024958,0.098229
teamwork_5.reverse.,value_patriotism2,-0.013627,0.032496
teamwork_5.reverse.,value_patriotism3,-0.010155,0.119572
teamwork_5.reverse.,value_civicduty1,-0.029515,0.153464
teamwork_5.reverse.,value_civicduty2,-0.075372,0.096491
teamwork_5.reverse.,value_civicduty3,-0.053347,0.119572
teamwork_5.reverse.,value_mentalhealth1.reverse,0.091927,0.197979
teamwork_5.reverse.,value_mentalhealth2,0.11697,0.192175
teamwork_5.reverse.,value_mentalhealth3,0.059701,0.186014
teamwork_5.reverse.,reilience1,0.110448,0.055112
teamwork_5.reverse.,reilience2,0.090937,0.022542
teamwork_5.reverse.,reilience3,0.10509,0.090777
teamwork_5.reverse.,reilience4,0.099437,0.005017
teamwork_5.reverse.,reilience5,0.030592,0.061219
teamwork_5.reverse.,calling1,0.016795,-0.025371
teamwork_5.reverse.,calling2,0.038485,-0.049382
teamwork_5.reverse.,calling3,0.000732,-0.048526
teamwork_5.reverse.,calling4,0.074427,0.002865
teamwork_5.reverse.,calling5,0.000154,-0.12416
teamwork_5.reverse.,calling6,0.034626,-0.182338
teamwork_5.reverse.,selfconstrual_interdependent1,-0.11853,-0.033097
teamwork_5.reverse.,selfconstrual_interdepedent2,-0.111338,0.038149
teamwork_5.reverse.,selfconstrual_interdepedent3,0.021738,0.167069
teamwork_5.reverse.,selfconstrual_interdepedent4,0.02834,0.181997
teamwork_5.reverse.,selfconstrual_interdepedent5,0.017532,0.119572
teamwork_5.reverse.,needforcognition_1,0.010546,0.020507
teamwork_5.reverse.,needforcognition_2reverse,0.140621,0.221728
teamwork_5.reverse.,needforcognition_3,-0.014436,-0.08744
teamwork_5.reverse.,big5_2,0.232492,0.45582
teamwork_5.reverse.,big5_7,0.07904,0.202352
teamwork_5.reverse.,big5_4,-0.193559,-0.313329
teamwork_5.reverse.,big5_9,-0.138839,-0.215464
teamwork_5.reverse.,big5_5,0.123333,-0.09145
teamwork_5.reverse.,big5_10,0.056582,-0.018471
teamwork_6.reverse.,valuegrowth1,-0.00716,-0.001106
teamwork_6.reverse.,valuegrowth2,-0.098843,-0.068508
teamwork_6.reverse.,valuegrowth3,-0.013743,-0.008976
teamwork_6.reverse.,valuegrowth4,-0.030635,0.048475
teamwork_6.reverse.,globalmindset_1,-0.012746,-0.111806
teamwork_6.reverse.,globalmindset_2,-0.05646,-0.210193
teamwork_6.reverse.,globalmindset_3,-0.002587,-0.181016
teamwork_6.reverse.,globalmindset_4,0.111636,0.201047
teamwork_6.reverse.,value_patriotism1,0.102138,0.265316
teamwork_6.reverse.,value_patriotism2,0.090186,0.171167
teamwork_6.reverse.,value_patriotism3,0.128299,0.340094
teamwork_6.reverse.,value_civicduty1,0.111684,0.343359
teamwork_6.reverse.,value_civicduty2,0.044957,0.251756
teamwork_6.reverse.,value_civicduty3,0.075488,0.302096
teamwork_6.reverse.,value_mentalhealth1.reverse,0.109955,0.376432
teamwork_6.reverse.,value_mentalhealth2,0.018708,0.33263
teamwork_6.reverse.,value_mentalhealth3,-0.025196,0.298295
teamwork_6.reverse.,reilience1,-0.020918,0.215244
teamwork_6.reverse.,reilience2,-0.054506,0.130428
teamwork_6.reverse.,reilience3,-0.005291,0.239442
teamwork_6.reverse.,reilience4,0.016398,0.166098
teamwork_6.reverse.,reilience5,-0.016085,0.234243
teamwork_6.reverse.,calling1,-0.024621,0.080073
teamwork_6.reverse.,calling2,0.00114,0.080217
teamwork_6.reverse.,calling3,0.007398,0.0934
teamwork_6.reverse.,calling4,0.008314,0.176568
teamwork_6.reverse.,calling5,-0.01775,0.028258
teamwork_6.reverse.,calling6,-0.055879,-0.040211
teamwork_6.reverse.,selfconstrual_interdependent1,-0.103851,0.080896
teamwork_6.reverse.,selfconstrual_interdepedent2,0.026539,0.152141
teamwork_6.reverse.,selfconstrual_interdepedent3,0.04968,0.185389
teamwork_6.reverse.,selfconstrual_interdepedent4,0.118168,0.182675
teamwork_6.reverse.,selfconstrual_interdepedent5,0.09677,0.122965
teamwork_6.reverse.,needforcognition_1,-0.016116,0.11143
teamwork_6.reverse.,needforcognition_2reverse,0.057102,0.322829
teamwork_6.reverse.,needforcognition_3,-0.023304,-0.008017
teamwork_6.reverse.,big5_2,0.066849,0.412394
teamwork_6.reverse.,big5_7,0.079107,0.2356
teamwork_6.reverse.,big5_4,-0.023216,-0.453785
teamwork_6.reverse.,big5_9,-0.026155,-0.360677
teamwork_6.reverse.,big5_5,-0.021493,-0.107057
teamwork_6.reverse.,big5_10,-0.012415,-0.023221
valuegrowth1,globalmindset_1,0.235313,0.369902
valuegrowth1,globalmindset_2,0.144975,0.407808
valuegrowth1,globalmindset_3,0.146532,0.309094
valuegrowth1,globalmindset_4,0.091227,-0.04417
valuegrowth1,value_patriotism1,0.110875,-0.045045
valuegrowth1,value_patriotism2,0.051067,0.020281
valuegrowth1,value_patriotism3,0.154975,-0.01232
valuegrowth1,value_civicduty1,0.091113,-0.005989
valuegrowth1,value_civicduty2,0.072718,-0.018071
valuegrowth1,value_civicduty3,0.104037,0.005054
valuegrowth1,value_mentalhealth1.reverse,-0.014363,0.220804
valuegrowth1,value_mentalhealth2,0.07072,0.241179
valuegrowth1,value_mentalhealth3,-0.034981,0.255109
valuegrowth1,reilience1,0.350804,0.575227
valuegrowth1,reilience2,0.220556,0.245917
valuegrowth1,reilience3,0.232339,0.362325
valuegrowth1,reilience4,0.276276,0.41584
valuegrowth1,reilience5,0.326886,0.478093
valuegrowth1,calling1,0.218338,0.336559
valuegrowth1,calling2,0.163686,0.285402
valuegrowth1,calling3,0.167085,0.292383
valuegrowth1,calling4,0.234742,0.358056
valuegrowth1,calling5,0.17504,0.356863
valuegrowth1,calling6,0.175473,0.279028
valuegrowth1,selfconstrual_interdependent1,-0.020515,0.051647
valuegrowth1,selfconstrual_interdepedent2,-0.047289,0.219067
valuegrowth1,selfconstrual_interdepedent3,0.10557,0.223805
valuegrowth1,selfconstrual_interdepedent4,0.155714,0.18274
valuegrowth1,selfconstrual_interdepedent5,0.076168,0.110876
valuegrowth1,needforcognition_1,0.425067,0.578386
valuegrowth1,needforcognition_2reverse,0.25042,0.2595
valuegrowth1,needforcognition_3,0.397226,0.679009
valuegrowth1,big5_2,-0.004009,0.182108
valuegrowth1,big5_7,0.090068,0.253024
valuegrowth1,big5_4,-0.107908,-0.125249
valuegrowth1,big5_9,-0.079777,-0.214285
valuegrowth1,big5_5,0.292809,0.525475
valuegrowth1,big5_10,0.083704,0.360583
valuegrowth2,globalmindset_1,0.283859,0.437584
valuegrowth2,globalmindset_2,0.126949,0.434252
valuegrowth2,globalmindset_3,0.227034,0.364269
valuegrowth2,globalmindset_4,0.142998,-0.090867
valuegrowth2,value_patriotism1,0.040352,-0.040435
valuegrowth2,value_patriotism2,-0.02896,0.059428
valuegrowth2,value_patriotism3,0.069226,-0.027302
valuegrowth2,value_civicduty1,0.141983,-0.018224
valuegrowth2,value_civicduty2,-0.009268,-0.029497
valuegrowth2,value_civicduty3,0.012445,-0.012305
valuegrowth2,value_mentalhealth1.reverse,-0.032736,0.155604
valuegrowth2,value_mentalhealth2,-0.020278,0.289287
valuegrowth2,value_mentalhealth3,-0.079676,0.29314
valuegrowth2,reilience1,0.32891,0.59338
valuegrowth2,reilience2,0.200698,0.192644
valuegrowth2,reilience3,0.132952,0.33825
valuegrowth2,reilience4,0.237152,0.439825
valuegrowth2,reilience5,0.23485,0.455913
valuegrowth2,calling1,0.097635,0.34327
valuegrowth2,calling2,0.084359,0.339275
valuegrowth2,calling3,0.105264,0.324999
valuegrowth2,calling4,0.146718,0.354272
valuegrowth2,calling5,0.064695,0.372242
valuegrowth2,calling6,0.081044,0.343704
valuegrowth2,selfconstrual_interdependent1,-0.026812,0.052679
valuegrowth2,selfconstrual_interdepedent2,0.011031,0.220138
valuegrowth2,selfconstrual_interdepedent3,0.160764,0.21264
valuegrowth2,selfconstrual_interdepedent4,0.059645,0.160152
valuegrowth2,selfconstrual_interdepedent5,0.123845,0.128494
valuegrowth2,needforcognition_1,0.377814,0.570885
valuegrowth2,needforcognition_2reverse,0.277669,0.185596
valuegrowth2,needforcognition_3,0.370526,0.719434
valuegrowth2,big5_2,-0.030046,0.08812
valuegrowth2,big5_7,0.119164,0.275124
valuegrowth2,big5_4,-0.127803,-0.050629
valuegrowth2,big5_9,-0.039905,-0.255815
valuegrowth2,big5_5,0.3692,0.560888
valuegrowth2,big5_10,0.256991,0.338892
valuegrowth3,globalmindset_1,0.401624,0.368622
valuegrowth3,globalmindset_2,0.177604,0.403983
valuegrowth3,globalmindset_3,0.245303,0.285826
valuegrowth3,globalmindset_4,0.179978,-0.026411
valuegrowth3,value_patriotism1,0.033874,-0.058792
valuegrowth3,value_patriotism2,0.000327,0.014288
valuegrowth3,value_patriotism3,0.037247,-0.046221
valuegrowth3,value_civicduty1,0.127154,-0.039053
valuegrowth3,value_civicduty2,-0.008837,-0.047927
valuegrowth3,value_civicduty3,0.007095,-0.052259
valuegrowth3,value_mentalhealth1.reverse,-0.045502,0.190252
valuegrowth3,value_mentalhealth2,-0.009585,0.234078
valuegrowth3,value_mentalhealth3,-0.091247,0.269103
valuegrowth3,reilience1,0.371949,0.578201
valuegrowth3,reilience2,0.18336,0.19268
valuegrowth3,reilience3,0.155686,0.323408
valuegrowth3,reilience4,0.201494,0.391728
valuegrowth3,reilience5,0.298914,0.436757
valuegrowth3,calling1,0.186261,0.373333
valuegrowth3,calling2,0.14781,0.297038
valuegrowth3,calling3,0.129409,0.324804
valuegrowth3,calling4,0.211893,0.358273
valuegrowth3,calling5,0.158167,0.368184
valuegrowth3,calling6,0.15522,0.31673
valuegrowth3,selfconstrual_interdependent1,-0.045758,0.04175
valuegrowth3,selfconstrual_interdepedent2,0.02873,0.26254
valuegrowth3,selfconstrual_interdepedent3,0.175046,0.253053
valuegrowth3,selfconstrual_interdepedent4,0.209942,0.202167
valuegrowth3,selfconstrual_interdepedent5,0.132858,0.146107
valuegrowth3,needforcognition_1,0.33861,0.538527
valuegrowth3,needforcognition_2reverse,0.253874,0.262699
valuegrowth3,needforcognition_3,0.36328,0.692815
valuegrowth3,big5_2,0.051283,0.147129
valuegrowth3,big5_7,0.214356,0.268577
valuegrowth3,big5_4,-0.071627,-0.085895
valuegrowth3,big5_9,-0.035559,-0.205606
valuegrowth3,big5_5,0.406194,0.544565
valuegrowth3,big5_10,0.180123,0.395518
valuegrowth4,globalmindset_1,0.272931,0.34155
valuegrowth4,globalmindset_2,0.100892,0.374865
valuegrowth4,globalmindset_3,0.203103,0.30336
valuegrowth4,globalmindset_4,0.09912,-0.06374
valuegrowth4,value_patriotism1,0.054569,-0.079109
valuegrowth4,value_patriotism2,0.032127,-0.006113
valuegrowth4,value_patriotism3,0.064268,-0.021661
valuegrowth4,value_civicduty1,0.17059,-0.029043
valuegrowth4,value_civicduty2,0.035738,-0.058401
valuegrowth4,value_civicduty3,0.059693,-0.029786
valuegrowth4,value_mentalhealth1.reverse,-0.027501,0.13298
valuegrowth4,value_mentalhealth2,0.004073,0.201791
valuegrowth4,value_mentalhealth3,-0.046665,0.25678
valuegrowth4,reilience1,0.363575,0.508936
valuegrowth4,reilience2,0.176915,0.176602
valuegrowth4,reilience3,0.143345,0.343579
valuegrowth4,reilience4,0.243885,0.357219
valuegrowth4,reilience5,0.276063,0.444744
valuegrowth4,calling1,0.18707,0.439965
valuegrowth4,calling2,0.151497,0.365927
valuegrowth4,calling3,0.127451,0.383604
valuegrowth4,calling4,0.177117,0.415493
valuegrowth4,calling5,0.11717,0.407975
valuegrowth4,calling6,0.169524,0.331933
valuegrowth4,selfconstrual_interdependent1,0.012907,0.095347
valuegrowth4,selfconstrual_interdepedent2,0.032435,0.275734
valuegrowth4,selfconstrual_interdepedent3,0.142637,0.278171
valuegrowth4,selfconstrual_interdepedent4,0.23327,0.25867
valuegrowth4,selfconstrual_interdepedent5,0.16058,0.169289
valuegrowth4,needforcognition_1,0.290969,0.511374
valuegrowth4,needforcognition_2reverse,0.156223,0.284115
valuegrowth4,needforcognition_3,0.254481,0.663817
valuegrowth4,big5_2,-0.00151,0.149231
valuegrowth4,big5_7,0.178642,0.307423
valuegrowth4,big5_4,-0.064742,-0.116729
valuegrowth4,big5_9,-0.052323,-0.239689
valuegrowth4,big5_5,0.326682,0.510561
valuegrowth4,big5_10,0.095204,0.388934
globalmindset_1,value_patriotism1,-0.108563,-0.306235
globalmindset_1,value_patriotism2,-0.148394,-0.167485
globalmindset_1,value_patriotism3,-0.003058,-0.299382
globalmindset_1,value_civicduty1,0.154156,-0.242286
globalmindset_1,value_civicduty2,-0.099508,-0.236229
globalmindset_1,value_civicduty3,-0.084886,-0.182675
globalmindset_1,value_mentalhealth1.reverse,-0.011573,-0.097557
globalmindset_1,value_mentalhealth2,0.000375,0.029026
globalmindset_1,value_mentalhealth3,-0.031714,0.10852
globalmindset_1,reilience1,0.287503,0.309258
globalmindset_1,reilience2,0.134458,-0.011686
globalmindset_1,reilience3,0.109202,0.188856
globalmindset_1,reilience4,0.153515,0.159303
globalmindset_1,reilience5,0.21538,0.12402
globalmindset_1,calling1,0.020966,0.263568
globalmindset_1,calling2,-0.014028,0.263118
globalmindset_1,calling3,0.011306,0.245858
globalmindset_1,calling4,0.095558,0.204765
globalmindset_1,calling5,-0.054536,0.353598
globalmindset_1,calling6,-0.027137,0.317855
globalmindset_1,selfconstrual_interdependent1,0.009517,0.014098
globalmindset_1,selfconstrual_interdepedent2,0.048288,0.222406
globalmindset_1,selfconstrual_interdepedent3,0.154707,0.282117
globalmindset_1,selfconstrual_interdepedent4,0.145594,0.273296
globalmindset_1,selfconstrual_interdepedent5,0.160273,0.26244
globalmindset_1,needforcognition_1,0.151574,0.223763
globalmindset_1,needforcognition_2reverse,0.219838,0.057147
globalmindset_1,needforcognition_3,0.216849,0.378143
globalmindset_1,big5_2,0.155353,-0.014777
globalmindset_1,big5_7,0.211071,0.265154
globalmindset_1,big5_4,-0.052842,0.179659
globalmindset_1,big5_9,0.011128,-0.17177
globalmindset_1,big5_5,0.412615,0.613239
globalmindset_1,big5_10,0.221946,0.325845
globalmindset_2,value_patriotism1,-0.044762,-0.391484
globalmindset_2,value_patriotism2,-0.044903,-0.23498
globalmindset_2,value_patriotism3,0.013771,-0.416767
globalmindset_2,value_civicduty1,0.123847,-0.352547
globalmindset_2,value_civicduty2,0.000475,-0.34319
globalmindset_2,value_civicduty3,-0.009129,-0.306167
globalmindset_2,value_mentalhealth1.reverse,0.015464,-0.200693
globalmindset_2,value_mentalhealth2,0.078218,-0.127714
globalmindset_2,value_mentalhealth3,0.028092,-0.050138
globalmindset_2,reilience1,0.255335,0.228513
globalmindset_2,reilience2,0.210714,-0.076825
globalmindset_2,reilience3,0.178025,0.031341
globalmindset_2,reilience4,0.16383,-0.038204
globalmindset_2,reilience5,0.188229,0.020205
globalmindset_2,calling1,0.028247,0.175572
globalmindset_2,calling2,0.037354,0.148447
globalmindset_2,calling3,0.00885,0.151746
globalmindset_2,calling4,0.09242,0.039882
globalmindset_2,calling5,0.038195,0.229556
globalmindset_2,calling6,0.007981,0.1581
globalmindset_2,selfconstrual_interdependent1,0.090944,-0.011007
globalmindset_2,selfconstrual_interdepedent2,-0.002554,0.139626
globalmindset_2,selfconstrual_interdepedent3,0.107605,0.153875
globalmindset_2,selfconstrual_interdepedent4,0.117624,0.156589
globalmindset_2,selfconstrual_interdepedent5,0.060171,0.161339
globalmindset_2,needforcognition_1,0.153676,0.21155
globalmindset_2,needforcognition_2reverse,0.093992,0.071396
globalmindset_2,needforcognition_3,0.200985,0.371974
globalmindset_2,big5_2,0.100591,-0.038525
globalmindset_2,big5_7,0.187246,0.143019
globalmindset_2,big5_4,-0.100827,0.266511
globalmindset_2,big5_9,-0.095266,-0.005044
globalmindset_2,big5_5,0.403164,0.666843
globalmindset_2,big5_10,0.119228,0.474442
globalmindset_3,value_patriotism1,-0.098268,-0.407681
globalmindset_3,value_patriotism2,-0.122873,-0.248479
globalmindset_3,value_patriotism3,-0.029848,-0.372663
globalmindset_3,value_civicduty1,0.038578,-0.30538
globalmindset_3,value_civicduty2,-0.015671,-0.268145
globalmindset_3,value_civicduty3,-0.12045,-0.198281
globalmindset_3,value_mentalhealth1.reverse,-0.085253,-0.172874
globalmindset_3,value_mentalhealth2,-0.06976,-0.024578
globalmindset_3,value_mentalhealth3,-0.031256,0.045057
globalmindset_3,reilience1,0.186381,0.263797
globalmindset_3,reilience2,0.148314,-0.057826
globalmindset_3,reilience3,0.138767,0.147265
globalmindset_3,reilience4,0.112878,0.088071
globalmindset_3,reilience5,0.19699,0.065666
globalmindset_3,calling1,0.051562,0.291636
globalmindset_3,calling2,0.063166,0.314686
globalmindset_3,calling3,0.002242,0.297468
globalmindset_3,calling4,0.02547,0.178981
globalmindset_3,calling5,0.018118,0.407917
globalmindset_3,calling6,0.062289,0.388368
globalmindset_3,selfconstrual_interdependent1,0.13669,0.069737
globalmindset_3,selfconstrual_interdepedent2,0.044505,0.2068
globalmindset_3,selfconstrual_interdepedent3,0.13571,0.245476
globalmindset_3,selfconstrual_interdepedent4,0.175421,0.240727
globalmindset_3,selfconstrual_interdepedent5,0.154813,0.32215
globalmindset_3,needforcognition_1,0.13856,0.163374
globalmindset_3,needforcognition_2reverse,0.193302,-0.007991
globalmindset_3,needforcognition_3,0.234131,0.324166
globalmindset_3,big5_2,0.025668,-0.048703
globalmindset_3,big5_7,0.191258,0.207479
globalmindset_3,big5_4,0.020344,0.209514
globalmindset_3,big5_9,0.058093,-0.180734
globalmindset_3,big5_5,0.228539,0.569813
globalmindset_3,big5_10,0.165627,0.30956
globalmindset_4,value_patriotism1,-0.145312,0.090951
globalmindset_4,value_patriotism2,-0.206907,0.034319
globalmindset_4,value_patriotism3,-0.112621,0.069166
globalmindset_4,value_civicduty1,0.020373,0.133193
globalmindset_4,value_civicduty2,-0.213541,0.00977
globalmindset_4,value_civicduty3,-0.192333,-0.053796
globalmindset_4,value_mentalhealth1.reverse,-0.012259,0.10541
globalmindset_4,value_mentalhealth2,-0.06611,-0.01964
globalmindset_4,value_mentalhealth3,-0.171643,-0.016269
globalmindset_4,reilience1,-0.006363,-0.084916
globalmindset_4,reilience2,-0.086787,-0.007495
globalmindset_4,reilience3,-0.083967,-0.107775
globalmindset_4,reilience4,0.000199,-0.090662
globalmindset_4,reilience5,0.034411,-0.013568
globalmindset_4,calling1,-0.097383,-0.19963
globalmindset_4,calling2,-0.09362,-0.234445
globalmindset_4,calling3,-0.081498,-0.185827
globalmindset_4,calling4,0.028036,-0.12894
globalmindset_4,calling5,-0.119652,-0.246002
globalmindset_4,calling6,-0.096776,-0.344937
globalmindset_4,selfconstrual_interdependent1,-0.08853,-0.103133
globalmindset_4,selfconstrual_interdepedent2,0.045108,0.031215
globalmindset_4,selfconstrual_interdepedent3,0.103943,-0.090988
globalmindset_4,selfconstrual_interdepedent4,-0.042506,-0.119831
globalmindset_4,selfconstrual_interdepedent5,0.063805,-0.180554
globalmindset_4,needforcognition_1,-0.01232,-0.026471
globalmindset_4,needforcognition_2reverse,0.205882,0.072013
globalmindset_4,needforcognition_3,-0.002948,-0.087012
globalmindset_4,big5_2,0.072342,0.036338
globalmindset_4,big5_7,0.125136,-0.061386
globalmindset_4,big5_4,0.036367,-0.083398
globalmindset_4,big5_9,0.086894,0.094632
globalmindset_4,big5_5,0.115284,-0.281504
globalmindset_4,big5_10,0.071404,0.039375
value_patriotism1,value_civicduty1,0.090718,0.638757
value_patriotism1,value_civicduty2,0.602001,0.765773
value_patriotism1,value_civicduty3,0.589443,0.688612
value_patriotism1,value_mentalhealth1.reverse,0.19026,0.303678
value_patriotism1,value_mentalhealth2,0.168902,0.422637
value_patriotism1,value_mentalhealth3,0.205648,0.286398
value_patriotism1,reilience1,0.131389,0.233386
value_patriotism1,reilience2,0.161158,0.324602
value_patriotism1,reilience3,0.164142,0.332346
value_patriotism1,reilience4,0.216898,0.327718
value_patriotism1,reilience5,0.171677,0.307552
value_patriotism1,calling1,0.125425,0.08621
value_patriotism1,calling2,0.175389,0.115744
value_patriotism1,calling3,0.172885,0.09899
value_patriotism1,calling4,0.129516,0.195877
value_patriotism1,calling5,0.103223,0.011973
value_patriotism1,calling6,0.179266,0.080911
value_patriotism1,selfconstrual_interdependent1,0.034201,0.240206
value_patriotism1,selfconstrual_interdepedent2,0.040598,0.114039
value_patriotism1,selfconstrual_interdepedent3,0.084255,0.235944
value_patriotism1,selfconstrual_interdepedent4,0.138373,0.220599
value_patriotism1,selfconstrual_interdepedent5,0.067483,0.116596
value_patriotism1,needforcognition_1,0.194204,0.143023
value_patriotism1,needforcognition_2reverse,0.044633,0.093967
value_patriotism1,needforcognition_3,0.159195,-0.019809
value_patriotism1,big5_2,0.085125,0.134886
value_patriotism1,big5_7,0.068578,0.111481
value_patriotism1,big5_4,-0.158019,-0.238037
value_patriotism1,big5_9,-0.270599,-0.247672
value_patriotism1,big5_5,-0.022669,-0.232069
value_patriotism1,big5_10,-0.101501,-0.28965
value_patriotism2,value_civicduty1,0.037398,0.437035
value_patriotism2,value_civicduty2,0.608387,0.603119
value_patriotism2,value_civicduty3,0.578704,0.496418
value_patriotism2,value_mentalhealth1.reverse,0.161574,0.168712
value_patriotism2,value_mentalhealth2,0.225866,0.345475
value_patriotism2,value_mentalhealth3,0.271415,0.232971
value_patriotism2,reilience1,0.097293,0.166307
value_patriotism2,reilience2,0.128215,0.247301
value_patriotism2,reilience3,0.150606,0.295186
value_patriotism2,reilience4,0.164555,0.274817
value_patriotism2,reilience5,0.15412,0.295161
value_patriotism2,calling1,0.111423,0.023269
value_patriotism2,calling2,0.151238,0.053407
value_patriotism2,calling3,0.150748,0.035689
value_patriotism2,calling4,0.08286,0.101267
value_patriotism2,calling5,0.118147,0.012551
value_patriotism2,calling6,0.181671,0.0432
value_patriotism2,selfconstrual_interdependent1,0.024301,0.181033
value_patriotism2,selfconstrual_interdepedent2,0.005081,0.076723
value_patriotism2,selfconstrual_interdepedent3,0.027949,0.201895
value_patriotism2,selfconstrual_interdepedent4,0.145664,0.198214
value_patriotism2,selfconstrual_interdepedent5,-0.031753,0.128265
value_patriotism2,needforcognition_1,0.115653,0.141764
value_patriotism2,needforcognition_2reverse,-0.090091,0.03495
value_patriotism2,needforcognition_3,0.090221,0.07793
value_patriotism2,big5_2,0.122478,0.076674
value_patriotism2,big5_7,0.017429,0.046044
value_patriotism2,big5_4,-0.164098,-0.146623
value_patriotism2,big5_9,-0.277171,-0.212893
value_patriotism2,big5_5,-0.075084,-0.106126
value_patriotism2,big5_10,-0.132011,-0.216622
value_patriotism3,value_civicduty1,0.231073,0.758644
value_patriotism3,value_civicduty2,0.531594,0.764368
value_patriotism3,value_civicduty3,0.495853,0.7693
value_patriotism3,value_mentalhealth1.reverse,0.059403,0.363842
value_patriotism3,value_mentalhealth2,0.093683,0.475497
value_patriotism3,value_mentalhealth3,0.139797,0.338777
value_patriotism3,reilience1,0.157785,0.256333
value_patriotism3,reilience2,0.123542,0.316722
value_patriotism3,reilience3,0.135482,0.410084
value_patriotism3,reilience4,0.184645,0.405377
value_patriotism3,reilience5,0.199703,0.404252
value_patriotism3,calling1,0.122035,0.194537
value_patriotism3,calling2,0.140025,0.22512
value_patriotism3,calling3,0.201285,0.185141
value_patriotism3,calling4,0.123126,0.300437
value_patriotism3,calling5,0.128349,0.119296
value_patriotism3,calling6,0.151691,0.14598
value_patriotism3,selfconstrual_interdependent1,0.168982,0.271939
value_patriotism3,selfconstrual_interdepedent2,0.169937,0.179659
value_patriotism3,selfconstrual_interdepedent3,0.178124,0.246833
value_patriotism3,selfconstrual_interdepedent4,0.126977,0.248869
value_patriotism3,selfconstrual_interdepedent5,0.082,0.169481
value_patriotism3,needforcognition_1,0.240712,0.138269
value_patriotism3,needforcognition_2reverse,0.092397,0.125
value_patriotism3,needforcognition_3,0.156756,0.00956
value_patriotism3,big5_2,0.087737,0.137214
value_patriotism3,big5_7,0.167241,0.167446
value_patriotism3,big5_4,-0.02837,-0.314988
value_patriotism3,big5_9,-0.137178,-0.352838
value_patriotism3,big5_5,0.024885,-0.224065
value_patriotism3,big5_10,0.020057,-0.320793
value_civicduty1,value_mentalhealth1.reverse,0.03331,0.383176
value_civicduty1,value_mentalhealth2,-0.057074,0.482377
value_civicduty1,value_mentalhealth3,-0.052178,0.357623
value_civicduty1,reilience1,0.144829,0.250216
value_civicduty1,reilience2,0.128678,0.329236
value_civicduty1,reilience3,0.008858,0.356169
value_civicduty1,reilience4,0.154122,0.385073
value_civicduty1,reilience5,0.137434,0.364152
value_civicduty1,calling1,0.152471,0.05414
value_civicduty1,calling2,0.149317,0.073185
value_civicduty1,calling3,0.198362,0.075584
value_civicduty1,calling4,0.153116,0.180383
value_civicduty1,calling5,0.101135,0.028805
value_civicduty1,calling6,0.155552,0.028599
value_civicduty1,selfconstrual_interdependent1,-0.001985,0.178546
value_civicduty1,selfconstrual_interdepedent2,0.0299,0.201823
value_civicduty1,selfconstrual_interdepedent3,0.067411,0.2202
value_civicduty1,selfconstrual_interdepedent4,0.094486,0.188347
value_civicduty1,selfconstrual_interdepedent5,0.095212,0.164457
value_civicduty1,needforcognition_1,0.145216,0.125865
value_civicduty1,needforcognition_2reverse,0.116065,0.095271
value_civicduty1,needforcognition_3,0.119407,-0.009849
value_civicduty1,big5_2,0.021419,0.069543
value_civicduty1,big5_7,0.118172,0.199373
value_civicduty1,big5_4,0.008426,-0.274139
value_civicduty1,big5_9,-0.027815,-0.360612
value_civicduty1,big5_5,0.182213,-0.206757
value_civicduty1,big5_10,0.077361,-0.297383
value_civicduty2,value_mentalhealth1.reverse,0.097222,0.299198
value_civicduty2,value_mentalhealth2,0.113941,0.525432
value_civicduty2,value_mentalhealth3,0.21685,0.405601
value_civicduty2,reilience1,0.08572,0.268382
value_civicduty2,reilience2,0.189693,0.379656
value_civicduty2,reilience3,0.197345,0.432361
value_civicduty2,reilience4,0.211411,0.448411
value_civicduty2,reilience5,0.167948,0.409846
value_civicduty2,calling1,0.176159,0.177177
value_civicduty2,calling2,0.208203,0.214039
value_civicduty2,calling3,0.204065,0.205451
value_civicduty2,calling4,0.089857,0.295122
value_civicduty2,calling5,0.170831,0.134217
value_civicduty2,calling6,0.2308,0.163505
value_civicduty2,selfconstrual_interdependent1,0.136999,0.229566
value_civicduty2,selfconstrual_interdepedent2,0.096599,0.175223
value_civicduty2,selfconstrual_interdepedent3,0.072694,0.24423
value_civicduty2,selfconstrual_interdepedent4,0.131974,0.245955
value_civicduty2,selfconstrual_interdepedent5,0.006352,0.196788
value_civicduty2,needforcognition_1,0.18527,0.157109
value_civicduty2,needforcognition_2reverse,-0.048543,0.034385
value_civicduty2,needforcognition_3,0.120721,0.02866
value_civicduty2,big5_2,0.071057,0.134445
value_civicduty2,big5_7,0.057751,0.211452
value_civicduty2,big5_4,-0.087713,-0.221566
value_civicduty2,big5_9,-0.156413,-0.365089
value_civicduty2,big5_5,-0.028028,-0.178436
value_civicduty2,big5_10,-0.053165,-0.361541
value_civicduty3,value_mentalhealth1.reverse,0.080893,0.289204
value_civicduty3,value_mentalhealth2,0.146943,0.537922
value_civicduty3,value_mentalhealth3,0.215412,0.407936
value_civicduty3,reilience1,0.117654,0.32215
value_civicduty3,reilience2,0.149706,0.352684
value_civicduty3,reilience3,0.19137,0.509194
value_civicduty3,reilience4,0.243219,0.456373
value_civicduty3,reilience5,0.162338,0.450392
value_civicduty3,calling1,0.163003,0.199847
value_civicduty3,calling2,0.188905,0.256333
value_civicduty3,calling3,0.210349,0.254207
value_civicduty3,calling4,0.103192,0.370326
value_civicduty3,calling5,0.140268,0.149293
value_civicduty3,calling6,0.222026,0.169117
value_civicduty3,selfconstrual_interdependent1,0.105313,0.259725
value_civicduty3,selfconstrual_interdepedent2,0.018759,0.207479
value_civicduty3,selfconstrual_interdepedent3,0.055332,0.268546
value_civicduty3,selfconstrual_interdepedent4,0.157061,0.308579
value_civicduty3,selfconstrual_interdepedent5,-0.000637,0.245476
value_civicduty3,needforcognition_1,0.241053,0.18373
value_civicduty3,needforcognition_2reverse,-0.007994,0.068004
value_civicduty3,needforcognition_3,0.178118,0.069705
value_civicduty3,big5_2,0.095848,0.097181
value_civicduty3,big5_7,0.061567,0.219692
value_civicduty3,big5_4,-0.144134,-0.254599
value_civicduty3,big5_9,-0.228106,-0.43889
value_civicduty3,big5_5,-0.019216,-0.125679
value_civicduty3,big5_10,-0.030472,-0.332328
value_mentalhealth1.reverse,reilience1,0.136282,0.370628
value_mentalhealth1.reverse,reilience2,0.238423,0.306846
value_mentalhealth1.reverse,reilience3,0.231735,0.340322
value_mentalhealth1.reverse,reilience4,0.189501,0.432409
value_mentalhealth1.reverse,reilience5,0.208329,0.394376
value_mentalhealth1.reverse,calling1,0.008079,0.203723
value_mentalhealth1.reverse,calling2,0.053086,0.21728
value_mentalhealth1.reverse,calling3,0.050126,0.245953
value_mentalhealth1.reverse,calling4,0.0863,0.37402
value_mentalhealth1.reverse,calling5,0.058106,0.141761
value_mentalhealth1.reverse,calling6,0.005917,0.149291
value_mentalhealth1.reverse,selfconstrual_interdependent1,-0.069461,0.06054
value_mentalhealth1.reverse,selfconstrual_interdepedent2,-0.144271,0.097181
value_mentalhealth1.reverse,selfconstrual_interdepedent3,-0.039252,0.084967
value_mentalhealth1.reverse,selfconstrual_interdepedent4,0.029475,0.093788
value_mentalhealth1.reverse,selfconstrual_interdepedent5,0.077355,0.006936
value_mentalhealth1.reverse,needforcognition_1,0.097009,0.291918
value_mentalhealth1.reverse,needforcognition_2reverse,0.100086,0.286188
value_mentalhealth1.reverse,needforcognition_3,0.075397,0.172419
value_mentalhealth1.reverse,big5_2,0.137823,0.269225
value_mentalhealth1.reverse,big5_7,-0.066116,0.114822
value_mentalhealth1.reverse,big5_4,-0.361921,-0.652593
value_mentalhealth1.reverse,big5_9,-0.324851,-0.381294
value_mentalhealth1.reverse,big5_5,0.026098,0.040184
value_mentalhealth1.reverse,big5_10,0.018122,-0.023899
value_mentalhealth2,reilience1,0.295027,0.610525
value_mentalhealth2,reilience2,0.320951,0.354719
value_mentalhealth2,reilience3,0.373747,0.563174
value_mentalhealth2,reilience4,0.334363,0.618264
value_mentalhealth2,reilience5,0.268095,0.606453
value_mentalhealth2,calling1,0.17726,0.341703
value_mentalhealth2,calling2,0.156627,0.385253
value_mentalhealth2,calling3,0.191234,0.399928
value_mentalhealth2,calling4,0.19469,0.487711
value_mentalhealth2,calling5,0.096914,0.310629
value_mentalhealth2,calling6,0.132885,0.331076
value_mentalhealth2,selfconstrual_interdependent1,-0.069404,0.218335
value_mentalhealth2,selfconstrual_interdepedent2,-0.142597,0.278724
value_mentalhealth2,selfconstrual_interdepedent3,-0.009427,0.27126
value_mentalhealth2,selfconstrual_interdepedent4,0.103289,0.28076
value_mentalhealth2,selfconstrual_interdepedent5,0.080495,0.233941
value_mentalhealth2,needforcognition_1,0.150408,0.43275
value_mentalhealth2,needforcognition_2reverse,0.084246,0.106001
value_mentalhealth2,needforcognition_3,0.069631,0.32725
value_mentalhealth2,big5_2,0.218979,0.190139
value_mentalhealth2,big5_7,0.026097,0.398824
value_mentalhealth2,big5_4,-0.432691,-0.326523
value_mentalhealth2,big5_9,-0.599208,-0.711388
value_mentalhealth2,big5_5,0.052257,0.162696
value_mentalhealth2,big5_10,-0.061466,-0.080594
value_mentalhealth3,reilience1,0.295085,0.556016
value_mentalhealth3,reilience2,0.340789,0.279382
value_mentalhealth3,reilience3,0.394927,0.535453
value_mentalhealth3,reilience4,0.252069,0.566265
value_mentalhealth3,reilience5,0.238823,0.569034
value_mentalhealth3,calling1,0.165995,0.324961
value_mentalhealth3,calling2,0.177424,0.364813
value_mentalhealth3,calling3,0.190131,0.39492
value_mentalhealth3,calling4,0.186706,0.474653
value_mentalhealth3,calling5,0.055419,0.342147
value_mentalhealth3,calling6,0.151674,0.334111
value_mentalhealth3,selfconstrual_interdependent1,0.03799,0.234633
value_mentalhealth3,selfconstrual_interdepedent2,-0.058982,0.285078
value_mentalhealth3,selfconstrual_interdepedent3,0.081128,0.327386
value_mentalhealth3,selfconstrual_interdepedent4,0.099743,0.329827
value_mentalhealth3,selfconstrual_interdepedent5,0.084504,0.307859
value_mentalhealth3,needforcognition_1,0.108782,0.37295
value_mentalhealth3,needforcognition_2reverse,-0.068078,0.106278
value_mentalhealth3,needforcognition_3,0.108911,0.369663
value_mentalhealth3,big5_2,0.178815,0.194964
value_mentalhealth3,big5_7,0.051941,0.42909
value_mentalhealth3,big5_4,-0.438768,-0.230764
value_mentalhealth3,big5_9,-0.603983,-0.711797
value_mentalhealth3,big5_5,-0.002012,0.220801
value_mentalhealth3,big5_10,-0.123314,-0.019834
reilience1,calling1,0.223006,0.438802
reilience1,calling2,0.204948,0.425286
reilience1,calling3,0.202768,0.489486
reilience1,calling4,0.280819,0.540636
reilience1,calling5,0.098613,0.442779
reilience1,calling6,0.228928,0.426929
reilience1,selfconstrual_interdependent1,-0.117592,0.222406
reilience1,selfconstrual_interdepedent2,-0.063614,0.399502
reilience1,selfconstrual_interdepedent3,0.166154,0.400859
reilience1,selfconstrual_interdepedent4,0.200129,0.362862
reilience1,selfconstrual_interdepedent5,0.135108,0.296366
reilience1,needforcognition_1,0.425903,0.618667
reilience1,needforcognition_2reverse,0.230224,0.259349
reilience1,needforcognition_3,0.400593,0.63723
reilience1,big5_2,0.127387,0.21253
reilience1,big5_7,0.179597,0.401538
reilience1,big5_4,-0.400185,-0.244421
reilience1,big5_9,-0.376257,-0.558108
reilience1,big5_5,0.468118,0.480247
reilience1,big5_10,0.119077,0.292597
reilience2,calling1,0.242896,0.303015
reilience2,calling2,0.236023,0.243441
reilience2,calling3,0.220601,0.311888
reilience2,calling4,0.276813,0.400181
reilience2,calling5,0.178398,0.244149
reilience2,calling6,0.23533,0.262767
reilience2,selfconstrual_interdependent1,-0.159415,0.242084
reilience2,selfconstrual_interdepedent2,-0.112858,0.271939
reilience2,selfconstrual_interdepedent3,0.038194,0.225799
reilience2,selfconstrual_interdepedent4,0.187772,0.259047
reilience2,selfconstrual_interdepedent5,0.11792,0.218335
reilience2,needforcognition_1,0.36665,0.341149
reilience2,needforcognition_2reverse,0.084367,0.204388
reilience2,needforcognition_3,0.29645,0.238575
reilience2,big5_2,0.101064,0.103287
reilience2,big5_7,0.102475,0.240048
reilience2,big5_4,-0.412549,-0.259349
reilience2,big5_9,-0.434561,-0.340289
reilience2,big5_5,0.311819,0.054131
reilience2,big5_10,0.113198,0.001508
reilience3,calling1,0.202863,0.464157
reilience3,calling2,0.171732,0.463179
reilience3,calling3,0.159958,0.519592
reilience3,calling4,0.189433,0.588836
reilience3,calling5,0.151301,0.430403
reilience3,calling6,0.204206,0.408443
reilience3,selfconstrual_interdependent1,-0.071108,0.35168
reilience3,selfconstrual_interdepedent2,-0.143967,0.364953
reilience3,selfconstrual_interdepedent3,-0.018782,0.387076
reilience3,selfconstrual_interdepedent4,0.129496,0.426012
reilience3,selfconstrual_interdepedent5,0.015262,0.332212
reilience3,needforcognition_1,0.345835,0.488841
reilience3,needforcognition_2reverse,0.093727,0.165109
reilience3,needforcognition_3,0.323772,0.449073
reilience3,big5_2,0.169728,0.132367
reilience3,big5_7,0.071676,0.374687
reilience3,big5_4,-0.481181,-0.195196
reilience3,big5_9,-0.4529,-0.61475
reilience3,big5_5,0.253081,0.283541
reilience3,big5_10,0.047785,0.023523
reilience4,calling1,0.197745,0.45103
reilience4,calling2,0.175903,0.455563
reilience4,calling3,0.196307,0.47223
reilience4,calling4,0.214032,0.593171
reilience4,calling5,0.100925,0.387928
reilience4,calling6,0.163395,0.420228
reilience4,selfconstrual_interdependent1,-0.124077,0.271008
reilience4,selfconstrual_interdepedent2,-0.134564,0.363285
reilience4,selfconstrual_interdepedent3,0.070979,0.286387
reilience4,selfconstrual_interdepedent4,0.153795,0.324432
reilience4,selfconstrual_interdepedent5,0.157792,0.261294
reilience4,needforcognition_1,0.447378,0.53408
reilience4,needforcognition_2reverse,0.203467,0.191191
reilience4,needforcognition_3,0.279201,0.49087
reilience4,big5_2,0.1776,0.107008
reilience4,big5_7,0.122412,0.361667
reilience4,big5_4,-0.405198,-0.319895
reilience4,big5_9,-0.429816,-0.620379
reilience4,big5_5,0.309845,0.307433
reilience4,big5_10,0.110708,0.068154
reilience5,calling1,0.214527,0.463836
reilience5,calling2,0.207264,0.434786
reilience5,calling3,0.224064,0.482656
reilience5,calling4,0.30418,0.611203
reilience5,calling5,0.185092,0.38927
reilience5,calling6,0.229147,0.375146
reilience5,selfconstrual_interdependent1,-0.090859,0.318079
reilience5,selfconstrual_interdepedent2,-0.048475,0.394074
reilience5,selfconstrual_interdepedent3,0.206301,0.326221
reilience5,selfconstrual_interdepedent4,0.249705,0.333685
reilience5,selfconstrual_interdepedent5,0.126215,0.295687
reilience5,needforcognition_1,0.356142,0.580669
reilience5,needforcognition_2reverse,0.176589,0.257992
reilience5,needforcognition_3,0.282219,0.551639
reilience5,big5_2,0.18008,0.158927
reilience5,big5_7,0.196834,0.375754
reilience5,big5_4,-0.299385,-0.353664
reilience5,big5_9,-0.312384,-0.603823
reilience5,big5_5,0.353371,0.328257
reilience5,big5_10,0.172469,0.165033
calling1,selfconstrual_interdependent1,0.016702,0.195295
calling1,selfconstrual_interdepedent2,0.075417,0.271154
calling1,selfconstrual_interdepedent3,0.144264,0.194537
calling1,selfconstrual_interdepedent4,0.171077,0.236259
calling1,selfconstrual_interdepedent5,0.040742,0.196812
calling1,needforcognition_1,0.22561,0.430458
calling1,needforcognition_2reverse,-0.02175,0.214343
calling1,needforcognition_3,0.162874,0.438974
calling1,big5_2,0.066433,0.240135
calling1,big5_7,0.152366,0.357633
calling1,big5_4,-0.056952,-0.168828
calling1,big5_9,-0.153507,-0.432669
calling1,big5_5,0.091301,0.378115
calling1,big5_10,0.079932,0.212068
calling2,selfconstrual_interdependent1,0.02824,0.219014
calling2,selfconstrual_interdepedent2,0.094318,0.25769
calling2,selfconstrual_interdepedent3,0.136612,0.175588
calling2,selfconstrual_interdepedent4,0.181307,0.225799
calling2,selfconstrual_interdepedent5,0.059416,0.202051
calling2,needforcognition_1,0.200313,0.463963
calling2,needforcognition_2reverse,-0.056441,0.18064
calling2,needforcognition_3,0.13374,0.408986
calling2,big5_2,0.078306,0.196924
calling2,big5_7,0.16205,0.32215
calling2,big5_4,-0.031468,-0.187425
calling2,big5_9,-0.124083,-0.444268
calling2,big5_5,0.060532,0.377789
calling2,big5_10,0.05146,0.135857
calling3,selfconstrual_interdependent1,0.003105,0.217776
calling3,selfconstrual_interdepedent2,0.109104,0.257242
calling3,selfconstrual_interdepedent3,0.095878,0.210945
calling3,selfconstrual_interdepedent4,0.12316,0.246617
calling3,selfconstrual_interdepedent5,0.047713,0.240545
calling3,needforcognition_1,0.252597,0.446984
calling3,needforcognition_2reverse,-0.00056,0.1822
calling3,needforcognition_3,0.155439,0.468718
calling3,big5_2,0.041391,0.215594
calling3,big5_7,0.152872,0.380195
calling3,big5_4,-0.046322,-0.18903
calling3,big5_9,-0.172423,-0.500505
calling3,big5_5,0.07916,0.3764
calling3,big5_10,0.034183,0.207245
calling4,selfconstrual_interdependent1,-0.064816,0.231906
calling4,selfconstrual_interdepedent2,0.109586,0.289581
calling4,selfconstrual_interdepedent3,0.182789,0.242762
calling4,selfconstrual_interdepedent4,0.189816,0.288902
calling4,selfconstrual_interdepedent5,0.109908,0.244798
calling4,needforcognition_1,0.222876,0.550814
calling4,needforcognition_2reverse,0.0447,0.185389
calling4,needforcognition_3,0.199598,0.456023
calling4,big5_2,0.106674,0.226779
calling4,big5_7,0.16489,0.348613
calling4,big5_4,-0.117521,-0.32788
calling4,big5_9,-0.217417,-0.557212
calling4,big5_5,0.178812,0.29908
calling4,big5_10,0.093301,0.125679
calling5,selfconstrual_interdependent1,0.06232,0.214152
calling5,selfconstrual_interdepedent2,0.061202,0.318736
calling5,selfconstrual_interdepedent3,0.056753,0.240095
calling5,selfconstrual_interdepedent4,0.159069,0.251445
calling5,selfconstrual_interdepedent5,0.029212,0.243338
calling5,needforcognition_1,0.151205,0.39981
calling5,needforcognition_2reverse,-0.062009,0.117439
calling5,needforcognition_3,0.12564,0.45192
calling5,big5_2,-0.008439,0.159597
calling5,big5_7,0.072358,0.317926
calling5,big5_4,0.050205,-0.080145
calling5,big5_9,-0.056904,-0.419249
calling5,big5_5,0.10396,0.414403
calling5,big5_10,-0.003312,0.157165
calling6,selfconstrual_interdependent1,0.020133,0.251749
calling6,selfconstrual_interdepedent2,0.10161,0.310143
calling6,selfconstrual_interdepedent3,0.146932,0.216493
calling6,selfconstrual_interdepedent4,0.205756,0.196661
calling6,selfconstrual_interdepedent5,0.038642,0.275988
calling6,needforcognition_1,0.242835,0.399385
calling6,needforcognition_2reverse,-0.033303,0.123951
calling6,needforcognition_3,0.14668,0.404513
calling6,big5_2,0.073651,0.094203
calling6,big5_7,0.17449,0.288107
calling6,big5_4,-0.049021,-0.103017
calling6,big5_9,-0.102295,-0.406296
calling6,big5_5,0.07081,0.357518
calling6,big5_10,0.022916,0.118442
selfconstrual_interdependent1,needforcognition_1,-0.014592,0.111806
selfconstrual_interdependent1,needforcognition_2reverse,-0.025531,0.042898
selfconstrual_interdependent1,needforcognition_3,-0.026488,0.074332
selfconstrual_interdependent1,big5_2,0.058733,0.019828
selfconstrual_interdependent1,big5_7,0.07721,0.350648
selfconstrual_interdependent1,big5_4,0.103093,-0.084967
selfconstrual_interdependent1,big5_9,0.061637,-0.222864
selfconstrual_interdependent1,big5_5,-0.09445,0.052774
selfconstrual_interdependent1,big5_10,-0.141109,0.015079
selfconstrual_interdepedent2,needforcognition_1,-0.036254,0.232584
selfconstrual_interdepedent2,needforcognition_2reverse,-0.068319,0.114144
selfconstrual_interdepedent2,needforcognition_3,-0.024381,0.272503
selfconstrual_interdepedent2,big5_2,-0.089458,0.077503
selfconstrual_interdepedent2,big5_7,0.178472,0.533172
selfconstrual_interdepedent2,big5_4,0.20592,-0.077503
selfconstrual_interdepedent2,big5_9,0.112994,-0.32505
selfconstrual_interdepedent2,big5_5,-0.024455,0.238691
selfconstrual_interdepedent2,big5_10,-0.058389,0.144678
selfconstrual_interdepedent3,needforcognition_1,0.056047,0.17016
selfconstrual_interdepedent3,needforcognition_2reverse,0.055261,0.101252
selfconstrual_interdepedent3,needforcognition_3,0.091469,0.240117
selfconstrual_interdepedent3,big5_2,0.12841,0.168426
selfconstrual_interdepedent3,big5_7,0.298616,0.550136
selfconstrual_interdepedent3,big5_4,0.025019,-0.053755
selfconstrual_interdepedent3,big5_9,-0.107683,-0.348356
selfconstrual_interdepedent3,big5_5,0.164467,0.233263
selfconstrual_interdepedent3,big5_10,0.066282,0.075468
selfconstrual_interdepedent4,needforcognition_1,0.170294,0.187801
selfconstrual_interdepedent4,needforcognition_2reverse,0.0606,0.110073
selfconstrual_interdepedent4,needforcognition_3,0.144826,0.236261
selfconstrual_interdepedent4,big5_2,0.06919,0.142642
selfconstrual_interdepedent4,big5_7,0.216946,0.517566
selfconstrual_interdepedent4,big5_4,-0.053656,-0.076825
selfconstrual_interdepedent4,big5_9,-0.184911,-0.377937
selfconstrual_interdepedent4,big5_5,0.163976,0.251583
selfconstrual_interdepedent4,big5_10,-0.043573,0.049005
selfconstrual_interdepedent5,needforcognition_1,0.08769,0.08263
selfconstrual_interdepedent5,needforcognition_2reverse,0.037668,0.041541
selfconstrual_interdepedent5,needforcognition_3,0.111568,0.182285
selfconstrual_interdepedent5,big5_2,0.18346,0.074111
selfconstrual_interdepedent5,big5_7,0.248557,0.529101
selfconstrual_interdepedent5,big5_4,-0.040208,-0.013043
selfconstrual_interdepedent5,big5_9,-0.075769,-0.371662
selfconstrual_interdepedent5,big5_5,0.119037,0.22987
selfconstrual_interdepedent5,big5_10,0.097662,0.040863
needforcognition_1,big5_2,-0.016868,0.199638
needforcognition_1,big5_7,0.105406,0.256333
needforcognition_1,big5_4,-0.1717,-0.274955
needforcognition_1,big5_9,-0.197492,-0.40931
needforcognition_1,big5_5,0.313776,0.469391
needforcognition_1,big5_10,0.171138,0.276991
needforcognition_2reverse,big5_2,0.050581,0.403573
needforcognition_2reverse,big5_7,0.076337,0.138571
needforcognition_2reverse,big5_4,-0.092195,-0.375754
needforcognition_2reverse,big5_9,-0.075838,-0.182298
needforcognition_2reverse,big5_5,0.279196,0.114144
needforcognition_2reverse,big5_10,0.123544,0.25294
needforcognition_3,big5_2,-0.008831,0.105333
needforcognition_3,big5_7,0.127003,0.273274
needforcognition_3,big5_4,-0.171162,-0.117671
needforcognition_3,big5_9,-0.150206,-0.370841
needforcognition_3,big5_5,0.395757,0.593278
needforcognition_3,big5_10,0.20497,0.369819
big5_2,big5_4,-0.368641,-0.487711
big5_2,big5_9,-0.259255,-0.251319
big5_2,big5_5,0.154359,0.061219
big5_2,big5_10,0.176494,0.192551
big5_7,big5_4,0.004258,-0.138571
big5_7,big5_9,-0.113226,-0.523149
big5_7,big5_5,0.293867,0.290259
big5_7,big5_10,0.182683,0.135178
big5_4,big5_5,-0.157032,0.070416
big5_4,big5_10,0.001128,-0.125377
big5_9,big5_5,-0.11907,-0.292781
big5_9,big5_10,0.103063,-0.034396
