variable,method,error_calibrated,error_naive
edcskill,ensemble,0.0740870527802859,0.34838805390534694
chldsex,single_best,0.09363352256889353,0.5088777141288745
scitesty,single_best,0.02375546028105085,0.19175810355400022
relhrs2,single_best,0.04269591427873418,0.3970166824152918
rdeemlib,ensemble,0.048924743173180275,0.15830490250157206
extra1,single_best,0.10295080961684469,0.34306859119282135
isco68,single_best,0.028389865684241698,0.10700779186958727
amicablz,single_best,0.053758147205496744,0.12645472969284013
advsib,single_best,0.21234196958735813,0.054549922304533774
emphplan,single_best,0.20459474863740748,0.2933512683149799
doc19a,single_best,0.06408861838273128,0.18436806955051224
consider,single_best,0.006633784356110331,0.09672693187313557
payother,none,,0.35023868684877124
acqlib,single_best,0.05336489042194079,0.17412880610969367
chatmin,single_best,0.02802286696758925,0.2539880302175645
fechld,ensemble,0.044793909282586794,0.25287030883541495
monitred,ensemble,0.6616279747723013,0.38282285386191717
enggood,none,,0.1257742945142073
lotofsay,single_best,0.0863029801158109,0.19903377279956888
relscrpt,ensemble,0.04607807534865739,0.04626426699368491
kidneedy,single_best,0.13513088969931328,0.021398873072784617
cesd3,single_best,0.3929020157856738,0.22546484176955234
health12,single_best,0.07561372918525978,0.17438627081474026
infogovt,single_best,0.08826961617503958,0.1079810350069232
govedop,single_best,0.03431923718962304,0.11419202566176949
nounemp3,single_best,0.09504542324338185,0.27614428526329654
corrupt2,single_best,0.041105938947181134,0.07267065832113612
extr2001,ensemble,0.03992558778936434,0.05118684905062561
usdoenuf,single_best,0.1722925006430389,0.3203484513305685
locself,single_best,0.04768901082743405,0.24793804935352948
daycare5,ensemble,0.02389113186111987,0.10086515750898148
mcsds5,none,,0.15027836223789104
sbocctag,single_best,0.20840187541108693,0.21871481993455788
kidtrble,ensemble,0.3850408611166304,0.30190144068358693
nogood,none,,0.2774498954880815
acqwkno,single_best,0.025927427609233077,0.1367594154944438
cntctpar,single_best,0.15450218532257873,0.21380236151742177
doc13,ensemble,0.2017833913911787,0.19458211116358273
musiclst,none,,0.04032354645790326
confedy,ensemble,0.228643788357134,0.09789408878955226
